year,month,day,tavg,tmin,tmax,prcp,snow,wdir,wspd,wpgt,pres,tsun
2020,01,01,1.1,-1,3.4,0,0,113,14.8,33.5,1032.4,150
2020,01,02,1.8,-2.3,5.3,0,0,134,12.6,29.5,1026.7,48
2020,01,03,7.8,4.2,10.2,2.4,0,201,20.2,53.6,1020.1,0
2020,01,04,5.3,2.2,7.1,2,0,270,14.8,40,1029.7,0
2020,01,05,6.2,5.4,7.2,0,0,231,8.3,20.9,1034.2,0
2020,01,06,4.9,0.9,7.6,1.7,0,164,13.3,27.7,1026.5,318
2020,01,07,5.7,1.9,8.7,0.1,0,180,8.6,24.8,1026,12
2020,01,08,8.7,5.5,10.8,4.8,0,159,14,35.3,1024,0
2020,01,09,10.7,9.4,12.6,10.9,0,151,14,35.3,1014.7,0
2020,01,10,7.5,2,10.8,2.9,0,237,13.7,43.2,1018.8,0
2020,01,11,3.7,0.7,7.1,0,0,159,9.7,26.6,1031,54
2020,01,12,4.5,0.3,7.7,0,0,161,15.8,37.1,1023.6,156
2020,01,13,6.5,3.2,9.5,0,0,172,15.1,48.2,1017.8,102
2020,01,14,10.5,8.2,12.5,0,0,191,25.9,55.1,1009,0
2020,01,15,11.7,8.3,13.8,0,0,196,21.2,51.1,1014.1,120
2020,01,16,8.2,0.9,12.5,0,0,134,13.3,31.3,1024.1,414
2020,01,17,8.3,5,10.4,1.1,0,164,14.4,38.2,1017.3,6
2020,01,18,4.6,2.1,7,1.7,0,236,12.2,31,1024.9,84
2020,01,19,2.9,-0.8,5.3,0.5,0,312,6.8,18.4,1037.5,24
2020,01,20,1.3,-4.1,5.4,0,0,102,4.7,18.4,1046.5,54
2020,01,21,-0.6,-5.2,6.3,0,0,115,5.8,16.6,1041.6,426
2020,01,22,-1,-5.6,1.2,0,0,134,4.3,16.2,1036.8,0
2020,01,23,1.7,-2.5,2.9,0,0,121,8.6,24.1,1031.3,0
2020,01,24,0.4,-0.1,1,0,0,126,10.8,27,1023.9,0
2020,01,25,1.5,-0.2,3.3,0,0,124,10.8,22.3,1021.6,0
2020,01,26,4.4,0.5,9.2,0.5,0,131,14.4,27.7,1016.6,312
2020,01,27,6.9,3.4,9.3,7.1,0,151,15.8,40.7,1006.9,0
2020,01,28,5.4,2.3,7.9,2.4,0,216,20.5,65.5,996.6,90
2020,01,29,4.7,3.4,6.7,1.1,0,248,17.6,52.9,1007.9,36
2020,01,30,7.8,5,13.1,2,0,181,14.8,35.6,1009,78
2020,01,31,12.3,9.3,15.9,0.4,0,243,14.4,51.8,1008.6,204
2020,02,01,10.8,8.2,12.1,13.1,0,219,15.5,49.3,1005.9,6
2020,02,02,9.6,5.8,13.8,3.6,0,229,18.7,54.4,1009.3,0
2020,02,03,9.8,4.9,11.8,17.1,0,261,18.7,52.9,1011.3,6
2020,02,04,4.7,3.8,6.5,1.6,0,282,18,58,1014.5,24
2020,02,05,4,0.6,7.8,0,0,301,9.4,25.9,1033.9,330
2020,02,06,3,-1.6,6.2,0,0,128,6.1,13,1032.2,12
2020,02,07,3.1,-2.6,8,0,0,122,18,41.4,1026.6,498
2020,02,08,5.4,2.3,8.1,0.1,0,124,15.5,29.5,1020.9,0
2020,02,09,10.2,4.3,14,11.1,0,180,30.2,79.6,1007.5,6
2020,02,10,8.1,2.5,10.7,6.6,0,247,36,95,997.1,114
2020,02,11,5.2,1.8,7.8,1.8,0,262,29.9,72.7,1005.2,186
2020,02,12,4.8,1.2,8.6,0,0,249,22,58,1014.3,198
2020,02,13,4.5,0.8,7.7,4.4,0,155,16.2,56.9,1005.6,72
2020,02,14,6.6,4.9,7.9,0.1,0,249,13.7,37.1,1018.2,0
2020,02,15,8.6,4,13.2,0,0,150,18,45,1018.5,366
2020,02,16,14.3,8.5,18.7,0.8,0,201,29.5,82.8,1006.8,48
2020,02,17,8.5,4.1,12.7,0,0,216,19.1,64.8,1013.8,180
2020,02,18,7.3,5.4,9.3,3.3,0,228,20.9,51.8,1021,36
2020,02,19,5.4,1.8,8.4,0.7,0,243,18.7,51.8,1018.7,60
2020,02,20,7.6,4.1,10.3,2.6,0,193,19.8,63,1015.9,12
2020,02,21,6.1,2.7,9.9,0,0,240,19.1,42.5,1025,228
2020,02,22,7.8,1.9,11,3.3,0,198,20.2,53.6,1021.7,42
2020,02,23,10.2,4.9,14.3,3.9,0,253,27.4,83.2,1016.2,0
2020,02,24,7.4,2.3,12.6,2.3,0,201,16.6,45.7,1015.1,0
2020,02,25,8.2,3.1,11.4,3,0,251,20.5,59.4,1000.2,240
2020,02,26,3.3,1.5,4.8,5.5,0,255,20.9,58.7,999.3,0
2020,02,27,2.3,0.2,4.8,12.7,0,195,15.8,37.1,1001.7,0
2020,02,28,4.2,1,7.7,3.6,0,219,18,57.2,1013.4,300
2020,02,29,8.8,5,14.2,1.3,0,182,19.1,76,995.7,30
2020,03,01,7.1,3.9,11.2,11.1,0,208,18,58.7,994.4,120
2020,03,02,5.9,2,10.3,4.3,0,149,14.8,44.3,991.5,24
2020,03,03,5,1.5,9.3,1.1,0,246,12.2,42.5,1002.5,366
2020,03,04,5.5,1.5,10.3,0.5,0,193,11.9,42.5,1009.8,174
2020,03,05,5.6,4.1,7,16.2,0,116,17.6,33.5,995.1,0
2020,03,06,5.5,3.6,7,2.2,0,304,16.2,41.4,995.1,0
2020,03,07,6.1,2.7,10.3,0,0,266,12.6,32.8,1016.7,216
2020,03,08,9.1,6.6,13.7,1.2,0,181,16.6,48.2,1013.2,114
2020,03,09,7.7,5.8,10.7,7,0,234,13,40.7,1012.6,72
2020,03,10,9.9,5.5,14.3,15.9,0,212,19.1,68.4,1007.3,0
2020,03,11,12.6,11.5,14,19.8,0,251,17.6,48.6,1010.7,6
2020,03,12,10.5,4.5,13.7,1.1,0,250,23.4,63.7,1010.5,336
2020,03,13,7.1,3.8,11.5,2.8,0,256,19.4,59.4,1017.2,90
2020,03,14,6.8,1.8,10.9,0.3,0,136,10.1,31.3,1020.4,258
2020,03,15,10.5,5.6,16,0,0,158,16.2,43.9,1015,426
2020,03,16,10.8,2.2,18.3,0,0,123,8.6,20.5,1018.6,564
2020,03,17,10.8,3.8,16.5,0,0,243,9,24.1,1028.5,582
2020,03,18,10.6,1.9,18,0,0,159,9,29.5,1026.7,546
2020,03,19,11.4,4,17.4,0,0,122,7.2,25.9,1024,378
2020,03,20,9.5,4.7,13.1,2,0,19,13,37.1,1023.4,42
2020,03,21,6.4,2.6,10.5,0,0,67,22.7,51.1,1025.6,528
2020,03,22,5.1,0.9,10.7,0,0,101,22.3,48.2,1029.3,684
2020,03,23,4.5,0.1,9.8,0,0,120,24.1,54.4,1032.4,684
2020,03,24,4.7,-0.3,10.5,0,0,115,18.7,49.3,1030.9,690
2020,03,25,6.4,-0.6,13.5,0,0,98,18.7,37.1,1025.3,690
2020,03,26,6.3,-0.3,12.2,0,0,70,16.2,42.1,1020.7,690
2020,03,27,9.4,-0.1,17.6,0,0,78,10.1,31.3,1017.7,660
2020,03,28,9.2,0.6,17.3,0,0,25,14.8,45,1020,666
2020,03,29,3.6,-0.5,7,0,0,1,23,53.6,1026.9,78
2020,03,30,3,-4.1,8.6,0.6,0,346,10.4,31,1029,444
2020,03,31,4.9,-0.8,10.9,0,0,36,10.1,30.2,1027.5,708
2020,04,01,4.4,-4.8,11.7,0,0,65,7.6,31,1020.9,714
2020,04,02,5.3,-4,11.4,0,0,235,11.5,38.9,1013.7,666
2020,04,03,8.4,1.1,12.2,0,0,271,13.7,36.4,1015.6,66
2020,04,04,7.3,-2.8,15.3,0,0,116,8.6,29.5,1023.4,732
2020,04,05,12.8,1.2,20.1,0,0,127,18.4,56.2,1021,732
2020,04,06,16.3,10.1,23.6,0,0,162,15.5,48.6,1020,732
2020,04,07,15.3,6.1,22.2,0,0,67,6.1,24.1,1028.3,558
2020,04,08,16.9,7.6,25,0,0,139,7.9,24.1,1023.6,720
2020,04,09,14.7,5,23.8,0,0,54,10.4,31.3,1023.1,720
2020,04,10,13.9,4.8,22.7,0,0,51,9,32,1024.3,720
2020,04,11,14.9,3.7,23.6,0,0,101,9,22.3,1022.2,744
2020,04,12,16.2,6.9,24.2,0,0,317,7.9,25.2,1014.7,714
2020,04,13,8.2,1,11.7,0.7,0,15,17.6,45,1018.9,402
2020,04,14,5.5,0.2,11.2,0,0,339,11.2,31.3,1025.5,294
2020,04,15,9.3,-2.2,18.9,0,0,116,7.9,25.9,1022.9,684
2020,04,16,14.7,2.9,24.6,0,0,93,8.3,21.6,1015.7,750
2020,04,17,15.1,4.3,24.2,0,0,52,7.6,25.9,1014.4,744
2020,04,18,14.3,5.8,21.4,0,0,82,9.4,31.3,1014.3,180
2020,04,19,13.2,9.5,18.5,0.2,0,32,11.5,35.3,1016.7,114
2020,04,20,13.8,7.7,20.3,0,0,88,25.6,55.1,1016.7,792
2020,04,21,15,7.6,21.6,0,0,92,22.3,58,1015.8,792
2020,04,22,16.5,9.3,23.6,0,0,91,20.2,45.7,1017.9,798
2020,04,23,15,3.9,23.3,0,0,133,10.1,38.2,1017.9,762
2020,04,24,13.7,4.8,21.9,0,0,330,14,38.9,1011.8,708
2020,04,25,10.5,4.6,16.9,0,0,331,11.5,29.5,1012.3,576
2020,04,26,11.1,1,20.4,0,0,155,6.8,22.7,1010.2,804
2020,04,27,13.2,1.9,23.1,0,0,175,8.6,32,1007.1,798
2020,04,28,13.6,6.7,18.5,2.2,0,133,11.2,43.2,1003.3,72
2020,04,29,14.4,10.8,19.1,3.5,0,219,14,43.9,1004.7,120
2020,04,30,11.5,8,17.3,12.6,0,191,15.1,52.6,1001.4,198
2020,05,01,10.7,5.8,16.4,3.5,0,213,15.5,59.4,1001.2,318
2020,05,02,9.6,4.6,13.8,4.3,0,255,13.7,54.4,1008.8,222
2020,05,03,10.8,0.5,17.4,0.2,0,164,6.5,24.1,1016.9,504
2020,05,04,11.7,7.2,16,0,0,51,9.7,36.4,1016.7,210
2020,05,05,10.2,4,15.9,0,0,49,10.4,38.9,1019.8,828
2020,05,06,10.7,-0.4,18.9,0,0,93,9,37.8,1023.7,840
2020,05,07,12.9,1.8,21.7,0,0,113,5.8,16.6,1022.4,732
2020,05,08,15.3,5.3,23.2,0,0,68,7.6,22.3,1016.8,606
2020,05,09,16.7,6.9,24.3,0,0,124,8.6,27,1011.3,498
2020,05,10,15.5,8.5,20.7,1.8,0,101,10.1,45.7,1005.2,90
2020,05,11,8.2,3,13.3,0.1,0,8,25.6,63,1010.6,312
2020,05,12,6.3,-1.3,13.3,0,0,347,8.3,28.4,1017.9,570
2020,05,13,8.6,1.5,14.8,0,0,59,10.4,37.1,1012.7,276
2020,05,14,8.8,0.9,15.7,0,0,13,14.4,50,1017.3,780
2020,05,15,9.6,-0.7,16.8,0,0,359,11.5,35.3,1020,858
2020,05,16,11.1,-0.6,19,0,0,338,10.4,35.6,1021.9,696
2020,05,17,12.2,3.9,19.8,0,0,330,8.6,34.6,1023.2,852
2020,05,18,15.7,4.6,24,0,0,259,11.2,33.8,1022.2,828
2020,05,19,17,5.4,24.3,0,0,338,10.4,33.8,1020.9,654
2020,05,20,17.2,12.4,22.6,0,0,341,11.2,25.9,1021.2,528
2020,05,21,19.2,7.9,28.5,0,0,115,7.9,29.5,1020,870
2020,05,22,19.6,12.2,27,1.4,0,156,13.7,50.8,1017.8,12
2020,05,23,15,10.2,19.9,0,0,233,15.8,43.2,1022.8,258
2020,05,24,13.1,7.7,17.7,1.2,0,261,15.1,48.2,1028.5,114
2020,05,25,15.2,8.6,20.5,0,0,317,14.4,39.6,1032.2,252
2020,05,26,15.6,5.1,23.4,0,0,34,9.7,33.5,1033.6,888
2020,05,27,18.1,8.3,25.3,0,0,76,11.9,36.4,1031.5,792
2020,05,28,15.9,9.1,22.2,0,0,19,14.8,38.2,1030.5,900
2020,05,29,16.1,4.9,24.2,0,0,88,8.3,31.3,1025.7,786
2020,05,30,16.8,5.8,24.5,0,0,96,12.2,36.4,1022.1,684
2020,05,31,16.3,7.7,23.2,0,0,91,10.8,38.2,1020.8,798
2020,06,01,19.5,7.8,28.3,0,0,103,8.3,27.7,1019.8,864
2020,06,02,20.8,8.6,29.1,0,0,119,8.3,29.5,1014.9,840
2020,06,03,20,12.1,26.4,3.1,0,302,9.4,31,1003.9,540
2020,06,04,13.6,9.2,18,6.6,0,280,12.6,37.1,996.5,0
2020,06,05,10.3,7.5,13.7,12.1,0,235,14.4,58,996.3,36
2020,06,06,12.9,7.2,18.9,0.1,0,224,16.6,51.1,1000.5,306
2020,06,07,14.2,8.3,20.4,0,0,237,13.7,37.8,1007.1,444
2020,06,08,14.4,7.9,20.5,0,0,38,9,31.3,1013.2,414
2020,06,09,14.2,8.5,19.8,8.1,0,349,10.4,40,1015.9,324
2020,06,10,15.6,11.6,19.7,1.1,0,40,6.5,20.5,1014.1,24
2020,06,11,16.3,11.5,20.3,0,0,88,6.8,24.1,1009.8,60
2020,06,12,20.5,9.8,28.2,0,0,121,14,43.2,1006.2,828
2020,06,13,20.6,16.3,25.9,0.1,0,96,7.9,22.3,1009.8,288
2020,06,14,18.7,16,20.7,0.8,0,286,12.2,37.1,1013,12
2020,06,15,18.9,15.9,21,1.7,0,264,7.2,22.3,1015.8,30
2020,06,16,17.5,14.2,22.3,9.6,0,128,6.5,35.6,1014.8,132
2020,06,17,17.6,11.3,24.4,19.8,0,114,6.5,55.4,1010.6,90
2020,06,18,18.4,12.7,23,0.7,0,188,9.4,29.2,1011.1,258
2020,06,19,17.5,10.5,24.6,7.6,0,208,9,37.1,1015.4,666
2020,06,20,17.5,10.5,23.6,0,0,295,9.4,33.5,1019.9,480
2020,06,21,19.6,9.2,26.8,0,0,162,8.6,27.7,1019.2,588
2020,06,22,17.6,12.6,23.4,0,0,315,9.4,37.1,1023.9,432
2020,06,23,20.5,10.2,28.1,0,0,108,7.6,20.5,1023.9,912
2020,06,24,23,13,29.5,0,0,114,11.5,32,1021,924
2020,06,25,22.7,16.4,28.9,0,0,114,13.3,40.7,1017.3,666
2020,06,26,23.2,16.7,31,0,0,126,13,45,1011.3,696
2020,06,27,22.8,18.3,28.8,1.2,0,179,15.1,48.2,1009.8,204
2020,06,28,19.5,14.7,22.6,4.9,0,227,15.1,42.5,1012.4,84
2020,06,29,17.4,12.9,22.4,4,0,228,15.1,47.5,1012,444
2020,06,30,18.4,13.1,22.8,0.1,0,226,16.2,45,1010,198
2020,07,01,19.8,16.4,23.1,2.8,0,210,13,56.2,1007.3,30
2020,07,02,16.8,12.5,20.7,8.6,0,227,8.6,55.4,1011.3,216
2020,07,03,16.7,10.7,23.2,0,0,234,8.6,31.3,1016.9,240
2020,07,04,19.1,12.3,23.2,0.5,0,209,16.2,42.5,1015.3,90
2020,07,05,21.7,16,25.4,0,0,228,22,51.1,1011.8,138
2020,07,06,15.8,11.4,19.7,0.2,0,278,21.2,63,1016.3,312
2020,07,07,15.9,7.2,21.9,1.9,0,259,10.1,35.3,1019.2,462
2020,07,08,14.2,11.5,16.1,8,0,136,6.8,33.5,1015.8,0
2020,07,09,19.7,16,25.8,0.1,0,216,11.5,43.2,1012.7,156
2020,07,10,17,11,21.2,0,0,291,14.8,50,1012.7,138
2020,07,11,14.9,8.6,21.1,0.2,0,348,7.9,27,1023.3,462
2020,07,12,15.8,7.1,23,0,0,46,7.9,27.7,1026.1,708
2020,07,13,18.4,8.5,26.1,0,0,90,7.6,25.9,1021.2,834
2020,07,14,17,9.9,25.3,4.8,0,71,8.3,48.2,1014.4,402
2020,07,15,16.5,13.7,20.6,0.9,0,317,11.5,31.3,1013.7,342
2020,07,16,15.2,13.5,18.7,11.4,0,249,7.9,33.5,1016.7,0
2020,07,17,17.8,13,23.4,0,0,309,10.1,29.2,1019.8,492
2020,07,18,19.9,11.5,26.1,0,0,112,7.6,31.3,1018,696
2020,07,19,22.6,16.8,29,0,0,146,9.7,33.5,1014.6,570
2020,07,20,17.6,11.1,22.9,0,0,342,13.3,29.2,1018.3,276
2020,07,21,16,7.1,22.3,0,0,339,9.4,37.1,1022.5,780
2020,07,22,16.2,6.1,22.8,0,0,28,9,29.5,1021.4,858
2020,07,23,18.6,8.1,26.6,0,0,74,6.1,29.5,1016.1,840
2020,07,24,20.3,14.7,26.6,0.6,0,312,12.2,39.6,1011.7,372
2020,07,25,20.2,15,25.3,6.7,0,170,9.4,36.4,1010.9,30
2020,07,26,19.4,14.4,24.8,0,0,233,12.2,42.5,1011.2,342
2020,07,27,21.3,11.2,29.6,0,0,148,10.1,36.4,1011.6,198
2020,07,28,21,14.5,25.2,0,0,273,17.6,51.1,1011.7,402
2020,07,29,17.7,11.3,23.8,0,0,281,10.4,34.6,1018.8,726
2020,07,30,20,8.1,28.6,0,0,81,7.2,22.3,1019,852
2020,07,31,25.6,11.8,35.8,0,0,117,10.1,31,1014.9,858
2020,08,01,24,19.3,30.9,4.5,0,81,10.4,40.7,1013,390
2020,08,02,20.5,15,25,0,0,309,12.6,37.1,1013.9,294
2020,08,03,18.2,10.5,24.5,0.1,0,351,8.6,29.5,1012.2,456
2020,08,04,17.9,11.1,24.3,0,0,325,10.8,31.3,1015.6,690
2020,08,05,21.5,9.1,30.7,0,0,151,8.6,29.5,1015.9,840
2020,08,06,24.5,14.7,32.4,0,0,125,10.1,33.5,1018.3,840
2020,08,07,25.9,14.4,35.1,0,0,102,7.9,25.9,1018.4,834
2020,08,08,27.8,16.5,37.3,0,0,107,8.6,24.1,1017.4,774
2020,08,09,26.1,18.2,36.2,2.7,0,114,10.4,41.4,1015.7,354
2020,08,10,26.8,18.3,34.2,0,0,127,8.6,25.9,1013.4,612
2020,08,11,25.6,18.5,33,15.5,0,114,13.7,40.7,1013.9,432
2020,08,12,22.7,18.3,31.9,48.7,0,118,14.4,106.9,1013.6,276
2020,08,13,24.2,18.3,31.6,0,0,124,10.4,32,1011.1,378
2020,08,14,23,18,28.2,11.9,0,142,8.6,62.3,1012.2,192
2020,08,15,21.4,16.9,27.6,0,0,63,7.2,37.1,1013.4,258
2020,08,16,22.7,16.9,30.8,6,0,132,9,35.6,1010,510
2020,08,17,20.6,16.7,25.7,0,0,132,7.9,24.1,1009.1,288
2020,08,18,18.5,13.2,25.1,12,0,187,8.3,42.5,1010.7,318
2020,08,19,20.8,13.5,27.8,0.7,0,137,10.1,31.3,1008.8,588
2020,08,20,24.8,18.9,29.4,0,0,135,13,35.6,1007.2,222
2020,08,21,25.8,21.1,29.5,0,0,164,13.3,34.6,1008.7,150
2020,08,22,21.8,18.2,26.6,0,0,241,15.1,51.8,1014.5,300
2020,08,23,18.3,15.5,21.5,1.4,0,249,15.1,41.4,1016.2,120
2020,08,24,17.3,13.8,22.1,0,0,237,13.7,38.2,1015.5,210
2020,08,25,18.2,13,23.7,0.2,0,145,13,40.7,1009.4,102
2020,08,26,18.6,15.7,20.3,0,0,261,25.6,68,1010.2,12
2020,08,27,18.4,13.9,23.3,2.1,0,206,9.4,31.3,1013.5,300
2020,08,28,16.6,10.9,21.8,1.5,0,191,11.9,57.2,1002.2,108
2020,08,29,15.7,10.4,22.3,0,0,173,10.1,32.8,1003.9,180
2020,08,30,14.5,6.9,21.8,0.4,0,10,6.8,32,1009.2,378
2020,08,31,16.5,13.5,21.2,0,0,345,12.2,31.3,1016.5,132
2020,09,01,15.5,12.2,20.2,0.9,0,342,8.6,25.9,1017.7,102
2020,09,02,16.1,9.4,23,0,0,99,7.2,37.1,1017.8,714
2020,09,03,14.1,9.1,19.9,3.8,0,132,9.4,25.9,1019.4,0
2020,09,04,19.5,16.8,22.5,0.1,0,241,9,27.7,1019.9,12
2020,09,05,15.8,9.1,20.1,0,0,291,12.6,37.8,1018,156
2020,09,06,12.8,5.5,20.2,0,0,110,7.2,18.4,1019.7,378
2020,09,07,13.8,5.6,22,0,0,123,6.5,19.8,1023.4,678
2020,09,08,15.8,7.2,23.7,0,0,110,9,25.9,1025,282
2020,09,09,18.1,10.4,25.7,0.3,0,131,10.4,51.1,1021.2,258
2020,09,10,15.8,8.3,21.5,0,0,0,8.3,24.1,1020.8,702
2020,09,11,15,5.4,23.4,0,0,115,7.9,18.4,1016.9,666
2020,09,12,16,9.5,23.4,0,0,30,10.1,33.5,1019.2,630
2020,09,13,16.8,8,26.2,0,0,112,6.5,20.9,1024.7,690
2020,09,14,21.1,10.8,30.9,0,0,123,9.7,34.6,1022.9,660
2020,09,15,22.5,12.6,33.6,0,0,119,7.9,19.1,1018.6,660
2020,09,16,20.8,13.2,30.2,0,0,64,12.2,35.3,1018.9,552
2020,09,17,16.4,10.2,22.6,0,0,39,11.9,29.2,1025,678
2020,09,18,16.7,6.7,24.2,0,0,116,12.2,35.3,1022.5,672
2020,09,19,17.9,7.9,26.3,0,0,125,10.8,35.3,1017.2,678
2020,09,20,17.1,7.1,26.2,0,0,113,8.6,22.7,1015.4,660
2020,09,21,15.6,6.2,26.6,0,0,119,5.8,14.8,1014.5,666
2020,09,22,16.4,6.7,26.5,0,0,101,6.1,14.8,1009.4,660
2020,09,23,17.8,8.7,24.9,0.4,0,151,12.2,37.1,1004.4,390
2020,09,24,16.3,10,19.9,7.9,0,190,17.6,65.5,1001.9,402
2020,09,25,11.7,8.4,15.7,3.1,0,190,16.2,51.1,996.9,204
2020,09,26,10.3,8.8,12.8,32.6,0,269,15.8,37.1,996.7,0
2020,09,27,11.5,9.3,14.8,0,0,133,12.6,28.4,1000.9,60
2020,09,28,11.5,6.8,15,0.3,0,147,9.7,22.3,1009.8,0
2020,09,29,11.4,8.1,14.1,4.9,0,131,8.3,24.8,1015.3,30
2020,09,30,14.3,11.4,19.1,0,0,117,12.2,27.7,1013.5,162
2020,10,01,13.3,10.3,17.1,1.1,0,136,14,35.3,1002.4,90
2020,10,02,14.7,8.7,18.8,0.4,0,108,13.7,38.9,992.5,42
2020,10,03,13.2,10.5,17.8,5.8,0,140,11.2,46.8,989.3,36
2020,10,04,11.8,8.8,15.4,1.2,0,160,21.6,53.6,993.7,126
2020,10,05,11.4,9.8,14,9.9,0,154,15.1,38.2,1000.1,0
2020,10,06,12.5,9.9,17.8,6,0,193,14.4,52.9,1000.7,96
2020,10,07,12.6,8.5,15.2,1.1,0,246,16.2,45,1010.8,18
2020,10,08,13.8,8.1,17.6,5.1,0,194,18.4,55.4,1015.1,0
2020,10,09,12.3,10,13.8,1.9,0,210,6.5,34.6,1017.3,24
2020,10,10,10.2,7.6,13.3,0.3,0,243,13.7,41.4,1019.3,204
2020,10,11,9.7,5.9,14,1.7,0,275,9.4,29.5,1019.4,204
2020,10,12,9.6,4.9,13.1,1.9,0,278,6.5,28.4,1018.8,96
2020,10,13,7.7,3.3,11.7,0,0,111,11.5,29.5,1013.4,360
2020,10,14,7.3,2.8,11.8,1.1,0,12,9.4,31.3,1015.7,0
2020,10,15,8.7,6.2,10.6,0,0,350,11.9,28.4,1018,0
2020,10,16,8.7,6.2,11.6,0,0,346,10.1,22.7,1020.7,0
2020,10,17,8,6.2,10,0,0,168,3.6,11.2,1020.2,0
2020,10,18,9,6.3,11.7,0.5,0,187,4.7,18.4,1021.8,66
2020,10,19,9.7,4.9,13.3,0,0,154,8.3,25.9,1020.2,42
2020,10,20,10.7,7.8,12.6,7.6,0,125,17.6,34.6,1010.8,6
2020,10,21,15.7,11.4,21.8,3.1,0,150,18.7,58.7,1005.6,114
2020,10,22,16.8,13.7,21,1.6,0,188,13.7,48.6,1011.4,156
2020,10,23,14.2,10.7,16.9,17.2,0,169,7.9,33.5,1010.9,24
2020,10,24,13.4,9.6,15.4,0,0,173,14.4,38.2,1012,72
2020,10,25,13.2,10.3,15.5,4.2,0,165,15.1,38.2,1004,0
2020,10,26,10.9,8.1,13.1,0,0,181,15.1,40.7,1002.6,48
2020,10,27,10.5,7.1,13.1,2,0,182,19.1,50,1005.5,12
2020,10,28,12.4,9.7,15.3,5.5,0,201,17.3,48.6,1007.6,180
2020,10,29,10.7,8.2,12.9,8.4,0,228,14.8,45.7,1015,78
2020,10,30,14.2,12,16.1,0.1,0,231,13.7,41.4,1019.9,0
2020,10,31,14.1,11.8,16.8,3.8,0,167,13.3,40.7,1019,366
2020,11,01,15.2,12.3,18,3.7,0,172,13.3,38.2,1012,0
2020,11,02,17.6,11.7,21.2,7.1,0,206,19.8,54.4,1010.7,78
2020,11,03,10.1,4.9,13.8,0.8,0,221,13.7,43.9,1022.2,348
2020,11,04,5,0.1,11.3,0,0,108,6.8,14.8,1031.8,426
2020,11,05,3.4,-2.9,10.4,0,0,142,5.8,11.2,1038.1,492
2020,11,06,6,-1.5,13.2,0,0,126,8.6,26.6,1032,504
2020,11,07,9.7,5.8,15.3,0,0,114,15.5,33.5,1024,456
2020,11,08,11.3,7.3,14.8,1.5,0,123,12.2,29.5,1022.2,240
2020,11,09,12.3,9.7,17.1,0,0,114,8.3,25.9,1022.7,216
2020,11,10,10.6,7.1,15.6,0,0,126,8.6,16.6,1024.9,480
2020,11,11,9.4,8,12.5,0.3,0,120,14.4,31.3,1024,132
2020,11,12,10.3,6.6,15.5,0.4,0,174,13.7,36.4,1018.3,186
2020,11,13,9.9,3.6,14.1,0.1,0,141,10.8,29.5,1017.4,144
2020,11,14,13.1,10.3,17,0,0,153,12.6,35.6,1015.9,300
2020,11,15,13.4,7.9,17.5,4,0,151,18,63.7,1007.6,48
2020,11,16,10.3,6.6,12.5,0.9,0,219,15.1,42.1,1014.3,48
2020,11,17,11.4,8.1,13.4,0,0,203,13.3,33.5,1024.5,0
2020,11,18,12.1,9.8,16.1,0.3,0,156,13,31,1022.2,456
2020,11,19,8.9,3.3,13.8,1.2,0,260,16.9,52.6,1022.2,0
2020,11,20,4,-1.2,8.5,0,0,217,5.8,20.5,1033.9,48
2020,11,21,5.1,0.2,8.5,0,0,158,14.8,31.3,1031,24
2020,11,22,8.2,7,9,2.6,0,194,8.6,20.5,1026,0
2020,11,23,7.3,2.8,10.1,0,0,156,6.8,22.3,1027.7,192
2020,11,24,5.8,3.5,7.3,0,0,133,17.3,33.5,1023.6,162
2020,11,25,6.2,4.7,10,0,0,135,16.2,31.3,1018.3,366
2020,11,26,4.6,3,6.9,0,0,125,14.4,25.9,1020.9,252
2020,11,27,3.1,1.3,5.6,0,0,122,13.7,31.3,1019.7,114
2020,11,28,3.7,0,11.3,0,0,122,10.8,24.1,1020.4,414
2020,11,29,0.4,-6,3.4,0,0,121,10.8,29.5,1025.7,12
2020,11,30,-1.3,-7.1,2.8,13.6,0,138,9,31,1023.3,144
2020,12,01,4,2.4,5.7,3.7,0,126,9.4,24.1,1014.8,0
2020,12,02,3.4,2.3,4.6,0.3,0,128,7.9,20.5,1016.1,18
2020,12,03,3.5,2.2,4.9,0.1,0,138,18.7,52.9,999.8,0
2020,12,04,5.3,3.1,8.3,1.3,0,137,19.8,53.6,986.6,0
2020,12,05,4.2,1,7.2,0,0,136,11.9,37.1,997.1,294
2020,12,06,2.9,0.4,4.6,4,0,330,6.1,20.5,999.2,0
2020,12,07,3.7,2,5.6,3.5,0,186,10.1,25.9,998.8,0
2020,12,08,3.6,2.2,5.3,0,0,112,7.6,29.5,1003.1,0
2020,12,09,1.9,-3.1,5,0,0,217,7.2,18.4,1009.2,120
2020,12,10,0.2,-1.6,2.7,0,0,120,12.2,27.7,1006.8,246
2020,12,11,2.8,0.9,5,2.5,0,130,20.9,46.4,995.6,36
2020,12,12,6,4.5,7.5,2.2,0,125,10.1,25.9,997.3,0
2020,12,13,6.6,3.4,9.2,0.6,0,201,10.4,30.2,1009.4,72
2020,12,14,7.8,5.3,10.5,7.9,0,132,18,37.1,1008.7,84
2020,12,15,7.7,4.4,8.9,8.7,0,126,10.8,24.1,1010.6,0
2020,12,16,8.5,5.6,11,0,0,124,13.3,30.2,1015.5,48
2020,12,17,8.8,4.7,12.1,0.9,0,181,13.3,29.5,1018.9,180
2020,12,18,6.8,5,10.5,0,0,135,16.9,33.5,1021.3,372
2020,12,19,9.2,6.1,13.2,0,0,131,20.5,38.9,1015.3,258
2020,12,20,8.7,5.4,10.3,0,0,145,13.3,31,1018,12
2020,12,21,7.2,4.6,11,4.5,0,146,14.4,32.8,1016.6,0
2020,12,22,12.9,10.9,15.6,7.9,0,218,14.8,46.4,1012.3,60
2020,12,23,11.3,8.9,12,9.3,0,167,10.8,36.4,1010,0
2020,12,24,6,3.8,9.2,1.8,0,273,14,40.7,1010,0
2020,12,25,2.4,0.2,4.2,0,0,320,11.5,29.5,1022.2,12
2020,12,26,3.5,1.5,5.9,0,0,226,14.4,42.1,1021,168
2020,12,27,4.4,3.3,5.5,0.1,0,173,28.8,76.7,990,0
2020,12,28,3.9,0.9,5.9,0.9,0,152,14,33.8,978,12
2020,12,29,3,0,6,1.6,0,186,10.1,37.8,988,54
2020,12,30,3.5,1.3,5.4,3.2,0,193,10.4,27.7,1001.3,0
2020,12,31,2.5,1.1,3.7,4.4,0,131,10.4,32.8,1002.5,0
2021,01,01,1.8,-1.1,4.2,0,0,275,6.1,14.8,1008.2,48
2021,01,02,1.6,0.4,3.2,0,0,107,4.3,13,1013.4,0
2021,01,03,2.2,0.9,3.7,0.1,0,6,11.5,33.8,1013.1,0
2021,01,04,1.5,0.6,2.7,0,0,14,8.3,16.6,1014.3,0
2021,01,05,1.7,-0.2,3.2,2.3,0,357,10.1,20.5,1014.6,0
2021,01,06,2.1,0.7,3.4,0,0,332,10.8,24.1,1014.3,0
2021,01,07,1.5,0.8,2.1,5.5,0,258,10.8,38.2,1012.4,0
2021,01,08,0.8,-2.3,2.3,2.1,0,294,9,31.3,1014.7,0
2021,01,09,0.8,-0.8,2.1,1.2,10,148,3.6,13,1022.8,0
2021,01,10,0.9,-2,3.1,0,0,154,4.7,13,1024.1,0
2021,01,11,0.6,-2.2,3.6,7.6,0,163,12.2,34.6,1019.5,12
2021,01,12,3.9,-0.3,7.2,6.8,0,251,18,58,1009.4,0
2021,01,13,2.4,-0.3,4.5,0,0,263,12.6,43.9,1015.6,24
2021,01,14,1.3,-0.6,3.2,0,0,37,12.6,37.8,1018.3,6
2021,01,15,0.6,-1,2.4,0,0,7,11.5,29.5,1025.8,48
2021,01,16,-0.4,-1.6,1.4,2.2,0,172,10.1,33.5,1024.4,0
2021,01,17,0.1,-1.7,3.5,2.7,30,133,7.2,22.7,1018.5,0
2021,01,18,4.4,2.9,6.6,0.7,0,241,13.7,42.1,1022.1,6
2021,01,19,5.1,2.9,7.6,7.1,0,201,19.8,55.1,1010.9,0
2021,01,20,7.2,2.1,11.1,0,0,150,19.4,45,1001.1,6
2021,01,21,8.7,4.5,12.2,6.5,0,185,24.5,68.4,992.4,180
2021,01,22,4.8,-0.4,11,0,0,200,12.2,65.9,992.8,6
2021,01,23,3.5,0.3,7.8,10,0,135,11.5,28.4,994.9,258
2021,01,24,0.7,-0.7,2.7,4.4,60,253,14.4,41.4,997.1,36
2021,01,25,0.3,-1.5,1.9,0.6,70,147,10.8,32.8,1004.1,18
2021,01,26,2.4,0.3,4,0.6,40,255,17.6,52.9,1015.6,0
2021,01,27,2.2,0.4,4.6,4.4,0,170,9.7,25.9,1012.9,0
2021,01,28,4.9,3.2,7.4,31.8,0,125,8.6,22.3,1003,0
2021,01,29,8.3,6.4,10.3,5.9,0,235,18,59.4,996.1,18
2021,01,30,2.7,0.8,7.6,0.6,0,51,14,38.2,1000.4,0
2021,01,31,0.5,-2.2,3.3,0.9,0,110,14.8,34.6,1000.6,240
2021,02,01,3.4,1.6,5.2,1,0,140,11.2,25.9,994.3,0
2021,02,02,6.7,3.3,10.9,4.3,0,201,13,37.1,1000.3,0
2021,02,03,9.9,7.3,13.6,10.5,0,191,16.2,48.6,997.8,42
2021,02,04,7.5,3.1,11.1,0,0,213,13,37.1,1012,408
2021,02,05,7.9,6,11.4,2.2,0,122,10.4,24.1,1011.2,30
2021,02,06,5,1.7,6.7,15.3,0,97,15.5,45,1006.8,0
2021,02,07,0.2,-2.4,2,2.7,0,93,17.6,38.2,997.1,0
2021,02,08,-4.1,-5.2,-2.4,0,0,87,18,37.1,999.2,0
2021,02,09,-6.8,-9.3,-4.1,0,0,34,10.8,24.1,1006,384
2021,02,10,-7.3,-12.6,-1.7,0,0,31,10.4,45,1012.9,348
2021,02,11,-4.9,-11,0.8,0,0,52,7.2,24.1,1028.1,510
2021,02,12,-5.1,-8.4,-0.6,0,0,92,18,49.3,1032.7,426
2021,02,13,-3.7,-7.9,1.3,0,0,106,18,42.5,1038.5,540
2021,02,14,-1,-7.7,4.7,0,0,126,19.4,45.7,1036.9,420
2021,02,15,1.7,0.1,4.8,2.4,0,129,20.2,44.3,1026.5,0
2021,02,16,7.3,4.4,11.8,1.2,0,141,14.8,37.8,1016.4,36
2021,02,17,8.8,5,11.7,0.2,0,218,14.4,38.9,1016.8,6
2021,02,18,7.6,4.3,10.1,1.5,0,152,18.7,48.2,1012,18
2021,02,19,6.8,1.9,11.9,0,0,165,12.6,33.8,1016.5,372
2021,02,20,11.2,7,16.8,0,0,128,15.5,36.4,1014.2,444
2021,02,21,13.4,9.1,18.4,0,0,133,17.3,40,1014.3,564
2021,02,22,11.6,8.6,15.2,0,0,128,15.1,31,1019.8,0
2021,02,23,14.5,6.8,20.1,0,0,153,13,32.8,1029.6,474
2021,02,24,14.6,9.4,20.9,0,0,169,12.6,31.3,1029.3,498
2021,02,25,13.8,8.8,20.8,0.3,0,166,10.1,22.3,1026.1,486
2021,02,26,7.7,1.2,11,1.6,0,328,14.8,33.5,1032.4,138
2021,02,27,4.6,-0.9,10.9,0,0,352,7.9,29.2,1038.5,324
2021,02,28,5.7,-2,14.1,0,0,100,7.2,20.5,1035.6,588
2021,03,01,6.5,-2.1,15.7,0,0,112,7.9,22.7,1032,594
2021,03,02,8.9,-0.9,16.8,0,0,128,12.2,33.5,1030.2,600
2021,03,03,9.8,3.3,16.7,0,0,122,7.6,16.6,1026.8,438
2021,03,04,5.2,2.8,9.2,4,0,2,10.4,29.5,1020,6
2021,03,05,2.3,-4.8,5.8,0,0,16,13.7,40,1026.9,516
2021,03,06,1.2,-6.3,8.6,0,0,98,5.8,21.6,1031.8,618
2021,03,07,0.8,-5.9,8.1,0,0,46,8.3,31.3,1024.5,612
2021,03,08,1.9,-1.3,6.4,0,0,125,5.4,14.8,1022.1,0
2021,03,09,2.9,-0.4,5.1,2.3,0,175,7.6,20.5,1018.2,0
2021,03,10,6.7,2.6,11.1,1.9,0,179,13,57.2,1015.7,54
2021,03,11,9.9,5.8,15.7,2.1,0,220,26.3,81,1000.9,216
2021,03,12,7.1,5.1,11.3,1.9,0,232,23.8,63.7,1006.3,144
2021,03,13,7.3,2.7,11.3,4,0,225,25.6,76,997.9,174
2021,03,14,4.9,1.9,8.4,10.4,0,262,16.6,47.5,1009,102
2021,03,15,5.5,2.2,9.8,3.9,0,283,20.2,58.7,1012.7,132
2021,03,16,5.4,2.8,8.8,4.6,0,305,15.5,42.5,1022,96
2021,03,17,4,-1.4,6.8,0.1,0,344,13.3,37.1,1024.2,48
2021,03,18,2.5,-2.5,7.1,5.5,0,264,7.6,31,1022.8,48
2021,03,19,3.2,-0.9,8.5,0,0,13,14.4,46.4,1022.5,498
2021,03,20,3.4,-2.4,8.2,0.7,0,325,7.9,27.7,1027.2,432
2021,03,21,5.8,4.2,7.9,0.4,0,309,18.7,42.5,1022,6
2021,03,22,5.3,2.8,7.4,0,0,313,12.6,27.7,1024,0
2021,03,23,7.2,0.6,11.7,0,0,246,6.8,24.1,1025.1,90
2021,03,24,8.5,-0.7,17.8,0,0,131,7.7,23,1022.1,630
2021,03,25,8.4,1,15.6,0,0,201,7.6,27.7,1019.8,216
2021,03,26,11,4.7,16.5,0.5,0,182,15.1,46.4,1016.5,462
2021,03,27,7,2.4,11.6,2.1,0,243,21.6,64.8,1021,336
2021,03,28,10.2,3.2,16.4,0,0,207,14,46.4,1027.1,180
2021,03,29,13.9,4.9,22.2,0,0,191,12.2,33.5,1029.1,708
2021,03,30,13.9,0.5,24.1,0,0,113,9,20.5,1029.2,702
2021,03,31,16,4.4,26.8,0,0,127,8.3,25.9,1021.1,714
2021,04,01,13.4,5.7,21.8,0,0,24,14.4,39.6,1019.6,624
2021,04,02,6.5,3.1,10.2,0,0,344,18,41.4,1023.8,132
2021,04,03,7.2,2.8,12.7,0,0,349,14,37.8,1025.2,456
2021,04,04,4.3,0.7,7.2,0,0,320,8.3,20.5,1022.8,30
2021,04,05,2.7,-0.2,6.3,4.2,0,270,19.8,65.5,1010.4,138
2021,04,06,1.8,-0.1,6.2,0.4,0,277,21.2,52.6,1012.2,162
2021,04,07,1.8,-0.3,5.4,2,0,275,20.9,66.6,1017,30
2021,04,08,4.6,1.2,9.9,0,0,253,12.2,37.1,1022.6,474
2021,04,09,9,1.9,15.7,4.6,0,193,11.2,36.4,1014,378
2021,04,10,8.8,6.2,10.3,5,0,133,10.1,28.4,1010.7,0
2021,04,11,5.3,1.4,10.1,6.8,0,308,13.3,30.2,1012.1,0
2021,04,12,2.3,-2.1,7,1.8,0,299,10.4,54.4,1026.3,222
2021,04,13,2.6,-3.9,9.3,0.1,0,81,6.8,34.6,1031.3,276
2021,04,14,2.4,-3.1,7.9,0.4,0,75,8.6,38.2,1029.9,432
2021,04,15,3.8,-3.1,10.2,0,0,46,7.9,29.5,1028.7,390
2021,04,16,6.3,-0.7,11.3,0,0,43,9.4,32.8,1026,42
2021,04,17,6.8,-1.1,12.2,0,0,39,8.6,36.4,1023.4,270
2021,04,18,8.4,2.5,14.8,2,0,328,8.6,31.3,1020.7,162
2021,04,19,9.2,4.3,13.9,1,0,302,5.8,20.5,1018.6,66
2021,04,20,10.1,1,18.3,0,0,131,6.1,20.5,1016.4,606
2021,04,21,10.3,3.7,18.5,0,0,81,12.6,40.7,1016.5,312
2021,04,22,6.8,-0.4,13.2,0,0,338,12.6,37.8,1024.3,720
2021,04,23,7.6,-2,15.2,0,0,348,8.3,33.5,1027.2,804
2021,04,24,8,-0.5,15,0,0,47,10.1,32,1025.3,756
2021,04,25,6.9,-0.5,13.1,0,0,10,13,38.2,1024.5,798
2021,04,26,8.5,-1.9,15.6,0,0,74,10.4,33.5,1017.7,804
2021,04,27,10.5,0.4,17,0,0,96,9.4,34.6,1008.9,816
2021,04,28,13.2,2.1,20.3,0,0,121,10.4,33.8,1002.4,570
2021,04,29,10.2,4.5,15.8,0,0,236,17.6,54.4,1005.1,132
2021,04,30,8.2,3,13.2,0.3,0,286,7.6,20.5,1012.2,150
2021,05,01,9.3,4.2,13.8,0,0,308,11.2,32,1012.8,384
2021,05,02,7.4,2.8,11.9,0,0,299,14.8,37.1,1017.3,90
2021,05,03,8.8,-2.2,15.4,0.4,0,202,12.6,46.4,1017.6,348
2021,05,04,11,5.5,16.5,0.5,0,223,29.5,78.5,1001.4,234
2021,05,05,7.3,3.8,11.8,1.6,0,258,18,63,1005.8,234
2021,05,06,7.4,1.9,12.6,2.1,0,227,10.1,38.2,1006.3,192
2021,05,07,6.8,1.6,12.8,1.2,0,271,11.9,46.4,1013.9,312
2021,05,08,11,-0.2,17.9,0,0,142,14.8,46.4,1013.7,264
2021,05,09,20.7,12,28.9,0,0,152,21.2,57.2,1003.7,714
2021,05,10,18.5,13.7,22,3.5,0,186,16.6,56.2,1005.3,30
2021,05,11,13.9,10.6,16.3,1.6,0,167,7.6,23.4,1007.9,24
2021,05,12,12.9,6.4,18.2,0,0,255,7.6,35.3,1010.3,234
2021,05,13,12.7,3.8,20.6,0,0,184,9,38.2,1006.7,540
2021,05,14,11.7,7.7,17.5,2.3,0,199,8.6,29.2,1007,366
2021,05,15,11.1,8.5,14.3,2,0,164,13,49.3,1003.9,90
2021,05,16,10.6,6.1,17.4,7.3,0,191,11.5,61.2,1001.5,336
2021,05,17,11.2,7.2,15.9,1.8,0,214,14.4,50,1004.1,144
2021,05,18,10.9,7.6,15.8,6,0,213,9.4,43.2,1012.3,168
2021,05,19,11.1,6.9,17.4,3.6,0,199,9.7,48.6,1016.3,366
2021,05,20,12.8,8.1,17.6,0,0,248,10.1,37.1,1017.7,174
2021,05,21,13.9,7.7,19.1,0.7,0,202,21.2,56.2,1005,366
2021,05,22,10.7,7.1,13.9,1.3,0,214,21.6,60.5,1005.2,12
2021,05,23,12.3,8.2,17.5,0,0,221,16.6,42.5,1013,258
2021,05,24,13,9,18.5,1.1,0,168,20.2,54.4,1009.4,204
2021,05,25,9.3,6.1,14.3,7.7,0,221,16.6,65.9,1013,54
2021,05,26,10.2,7.4,14.8,4.8,0,213,11.9,52.9,1012.1,114
2021,05,27,10.7,8.2,13,5.7,0,275,14,43.2,1017.4,0
2021,05,28,12.9,6.4,19.3,0,0,27,6.1,24.1,1022.6,648
2021,05,29,13.1,4.2,19.9,0,0,37,10.1,46.4,1024.4,714
2021,05,30,15.1,3.7,23.8,0,0,90,9,33.5,1025.1,828
2021,05,31,17.1,6.9,24.8,0,0,117,7.2,25.2,1020.5,786
2021,06,01,18.7,8.3,25,0,0,125,12.2,42.5,1016.2,918
2021,06,02,20.5,7.5,27.7,0.1,0,130,12.6,38.9,1014.3,858
2021,06,03,19.8,16.5,23.9,1.7,0,140,8.3,25.9,1018.5,180
2021,06,04,20.7,14.8,28,14.3,0,113,7.2,53.6,1019.1,408
2021,06,05,17.2,14,21.3,0.2,0,240,10.4,36.4,1019.9,6
2021,06,06,15.2,13.4,17.4,0.3,0,312,10.8,31,1022.5,0
2021,06,07,17.4,14.4,21.3,0,0,353,11.2,31,1022.1,66
2021,06,08,18.5,13.3,23.8,0,0,12,6.8,25.9,1021.5,258
2021,06,09,19.5,10.9,26.3,0,0,9,8.6,34.6,1020.5,708
2021,06,10,20.3,12.1,27,0,0,291,7.2,31.3,1019.8,804
2021,06,11,20.6,12.8,27.2,0,0,336,8.6,33.5,1018.3,750
2021,06,12,18.5,12.2,22.8,0,0,295,15.8,42.1,1020,330
2021,06,13,16.3,7.7,23.9,0,0,352,6.8,29.5,1025.7,930
2021,06,14,20.5,9.4,29,0,0,129,9.4,26.6,1020,918
2021,06,15,20.9,12.8,26.9,0,0,21,9.7,38.9,1018.1,738
2021,06,16,24.4,15.1,31.9,0,0,133,9.7,40,1012.8,780
2021,06,17,27.8,20.9,35,0,0,142,13.7,39.6,1010.2,870
2021,06,18,26.6,18.8,33.7,0,0,135,9.4,31.3,1011.3,606
2021,06,19,25.2,18.2,31.5,30.2,0,155,9,41.4,1011.5,750
2021,06,20,22.9,18.7,27.3,2.1,0,176,11.9,38.9,1007,522
2021,06,21,18.1,15.2,22.5,1.6,0,304,14.4,40.7,1007.2,48
2021,06,22,14.7,13.5,16.6,2.9,0,17,11.5,24.8,1014.6,0
2021,06,23,16.4,13.5,21.1,0,0,328,10.4,27,1018.6,156
2021,06,24,17.6,13.6,21.3,0,0,343,9.7,25.9,1017.9,60
2021,06,25,18.3,12.2,24.3,0,0,268,7.9,27.7,1017.5,738
2021,06,26,19.1,10.5,26.2,0,0,111,6.8,24.1,1017.3,642
2021,06,27,20.7,12.7,27.9,1.8,0,127,10.1,43.2,1014.3,378
2021,06,28,22.2,15.3,28.7,0,0,162,9.7,43.9,1012.5,468
2021,06,29,19.6,14.9,25.7,13.2,0,227,10.8,48.2,1010.6,204
2021,06,30,16.2,13.5,20.4,1.9,0,254,12.2,34.6,1011.1,84
2021,07,01,13.7,12.7,15.5,3.3,0,280,11.9,33.5,1015.3,0
2021,07,02,17,11.9,22.8,0,0,195,7.9,29.5,1016.7,654
2021,07,03,18.9,11.3,27.1,1.5,0,128,7.6,36.4,1014.2,576
2021,07,04,17.2,14.3,24.3,14.5,0,122,7.6,51.1,1009.7,228
2021,07,05,17.7,14.2,21.4,1.7,0,143,10.1,36.4,1008.2,18
2021,07,06,19,14.2,23.4,4.4,0,166,17.6,50,1007.4,162
2021,07,07,19,13.7,25.3,0,0,169,10.8,38.9,1014.9,324
2021,07,08,17.1,12.6,22.6,3.6,0,144,6.8,31,1019.5,90
2021,07,09,17.7,15.2,23,5.7,0,189,8.3,25.9,1020.1,54
2021,07,10,18.3,12.7,24.2,9.5,0,112,7.9,49.3,1015.9,168
2021,07,11,18,13.3,22.9,0,0,252,5.8,18.4,1015.5,240
2021,07,12,19.8,13,24.8,8,0,124,8.6,29.5,1010.3,396
2021,07,13,19.3,16.9,22.8,2.2,0,332,9,27.7,1007.9,24
2021,07,14,16.9,15.6,17.7,106.9,0,138,8.3,30.2,1008,0
2021,07,15,18.8,12.8,23.5,0,0,62,9,31,1012.7,48
2021,07,16,17.8,16.2,19.5,0,0,331,13.7,30.2,1020.5,0
2021,07,17,19.9,14.6,26.4,0,0,334,13.3,31.3,1023,408
2021,07,18,20.2,13.3,26.8,0,0,343,11.2,36.4,1021.8,870
2021,07,19,17.3,12.4,21.5,0,0,354,9.7,24.1,1020.5,240
2021,07,20,17.1,9.8,23.6,0,0,56,7.6,23.4,1020,678
2021,07,21,18.1,9.5,24.9,0,0,72,7.9,26.6,1021.9,774
2021,07,22,19.2,11.4,25.4,0,0,58,7.2,22.3,1020.2,600
2021,07,23,20.3,13.1,27.3,0,0,11,6.8,21.6,1015.3,804
2021,07,24,18.2,12.8,22,3.9,0,138,7.2,25.2,1008.8,48
2021,07,25,20.3,14.2,27,0,0,144,10.1,38.9,1008,540
2021,07,26,19.8,14.8,25.6,0.6,0,163,11.5,45,1010,318
2021,07,27,18.4,14.7,24.8,1.7,0,168,10.1,44.3,1011.6,102
2021,07,28,18.9,14.7,23.9,0,0,192,15.8,43.9,1010.4,144
2021,07,29,18.2,13.8,23.2,0,0,237,15.1,43.2,1011.5,234
2021,07,30,19.3,11.2,26.3,3.3,0,179,14.8,43.9,1008.2,468
2021,07,31,17.8,13.8,22.3,0,0,235,16.2,46.8,1008.5,126
2021,08,01,17,13.2,22.2,2.7,0,251,10.1,54.4,1009.7,270
2021,08,02,15.5,10.8,19.4,4.4,0,298,8.3,35.3,1013.3,162
2021,08,03,14.3,10.3,19.1,4.3,0,107,6.8,20.5,1012.5,54
2021,08,04,16.5,11.4,22.8,1.3,0,151,5.8,34.6,1012.2,300
2021,08,05,17.9,13.5,23.2,1.2,0,134,7.9,23.4,1007.9,318
2021,08,06,18.2,15.5,22.2,14.6,0,183,14,43.9,1003.9,108
2021,08,07,17.9,13.9,22.8,1.1,0,178,13.7,39.6,1003.1,186
2021,08,08,16.6,11.8,20.4,8.8,0,209,14.8,41.4,1009.9,228
2021,08,09,16.9,13.7,21.8,3.7,0,177,12.6,42.5,1015.9,138
2021,08,10,17.5,12.5,23.9,8.6,0,181,8.6,40.7,1016.4,330
2021,08,11,18.6,11.9,24.9,0,0,99,5.8,21.6,1018.6,510
2021,08,12,20.1,12.9,27.1,0,0,123,6.1,14.8,1018.7,510
2021,08,13,19.7,13.9,25.9,0,0,301,10.4,33.8,1020.4,516
2021,08,14,19.1,12.1,26.6,0,0,353,8.3,27.7,1019.7,816
2021,08,15,20.8,12.1,28.3,0,0,158,9.4,37.1,1013,630
2021,08,16,15.7,11.5,21,3.1,0,266,17.6,57.2,1012.7,42
2021,08,17,14.1,11.6,17.3,4.2,0,252,13.3,43.2,1017.3,6
2021,08,18,16.4,14.2,19,0.9,0,257,10.1,25.9,1015.2,6
2021,08,19,17.6,13.8,20,0,0,250,10.4,31.3,1014.1,6
2021,08,20,17.3,13.2,22.9,1.4,0,233,7.9,24.1,1016.5,138
2021,08,21,19.2,11.6,25.9,3.6,0,124,7.6,22.3,1016.5,468
2021,08,22,18.7,16.3,22.4,9,0,229,10.4,37.8,1015.6,174
2021,08,23,17.1,11.6,20.5,0.1,0,32,8.6,32.8,1021.4,168
2021,08,24,15.6,9,22.4,0,0,67,9.7,28.4,1025.3,630
2021,08,25,16.1,8,22.6,0.3,0,8,9.4,33.8,1020.7,714
2021,08,26,15.1,10.8,19.1,2.4,0,313,14.4,52.9,1014.1,162
2021,08,27,13.9,10.5,18.2,4.8,0,309,12.2,53.6,1016.2,84
2021,08,28,15.4,13.2,20.1,8.2,0,331,13,31.3,1017.6,90
2021,08,29,15,13.7,16.9,4.3,0,316,13.3,31.3,1017.3,0
2021,08,30,16.2,12.1,21,0.7,0,333,11.5,28.4,1018.4,126
2021,08,31,15,10.4,21.1,0,0,323,8.3,29.2,1023.6,198
2021,09,01,14.3,9.7,18.1,0,0,344,8.6,20.5,1027.1,30
2021,09,02,15.3,7,23.4,0,0,116,6.1,22.3,1025.1,630
2021,09,03,17.8,8.4,26.6,0,0,119,6.8,22.3,1019.4,738
2021,09,04,17.8,10.2,25.7,0,0,51,6.8,24.1,1016.9,732
2021,09,05,18.3,10.9,26.9,0,0,120,6.1,16.6,1019.5,708
2021,09,06,17.7,10.4,25.3,0,0,82,6.8,25.2,1022.8,630
2021,09,07,17.9,10.3,26.1,0,0,118,6.1,20.5,1022.2,420
2021,09,08,19.6,11.3,27.1,0,0,122,11.2,33.5,1015.5,726
2021,09,09,20.5,14.5,28,6.9,0,138,9,24.1,1010.4,462
2021,09,10,19.8,17.3,23.8,8.6,0,151,8.6,39.6,1012.9,150
2021,09,11,19.1,16.1,23.1,0,0,248,10.1,31.3,1016.5,288
2021,09,12,16.8,10.9,22.6,0,0,206,6.8,23.4,1017.6,432
2021,09,13,15.4,9,22.5,0,0,104,6.1,14.8,1017.4,438
2021,09,14,18.4,9.7,24.6,0.1,0,135,8.6,24.1,1013.4,396
2021,09,15,19.4,16.3,21.6,0.8,0,171,11.2,35.3,1010.9,0
2021,09,16,15.8,11.9,19.6,0,0,294,9.7,27.7,1016.2,84
2021,09,17,15.3,10.9,21.5,0,0,126,5.8,16.6,1015.8,162
2021,09,18,15.8,8.9,22.3,0,0,99,6.5,18,1015.5,462
2021,09,19,14.7,9.5,18.7,0,0,110,11.5,31.3,1014.6,288
2021,09,20,13.3,8.6,16.7,0,0,100,8.6,20.5,1019.8,54
2021,09,21,12.3,6.7,18.1,0,0,76,5.8,18.4,1028.4,438
2021,09,22,11.6,5.1,20,0,0,137,5.8,13,1027.6,576
2021,09,23,14.9,5.6,22.2,0,0,200,12.2,42.5,1018.9,570
2021,09,24,17.3,13.8,20.8,0,0,252,9.4,25.9,1016.2,66
2021,09,25,16.8,10.2,23.4,0.3,0,136,7.9,25.9,1015.5,630
2021,09,26,18.4,15.5,22.9,0,0,147,11.2,27.7,1015,288
2021,09,27,16.2,10.6,21.1,4.8,0,157,13,57.2,1016,132
2021,09,28,12.6,7.6,16.7,0,0,139,9,25.9,1021.6,270
2021,09,29,11.4,8.5,15.5,7,0,180,13,54.4,1018.3,198
2021,09,30,11.1,6.2,16.4,0,0,204,11.2,27.7,1024.9,294
2021,10,01,13.1,8.4,19.4,2.4,0,149,14.4,36.4,1017.1,330
2021,10,02,15.2,11.7,19.7,0.1,0,149,16.6,50.8,1008.3,48
2021,10,03,17.5,10.9,21.9,2.3,0,181,22.7,62.3,1002.7,0
2021,10,04,13.2,10.3,18,0,0,165,13.3,36.4,1015.7,318
2021,10,05,12.6,9.5,18.5,4.8,0,145,15.5,44.3,1008.3,252
2021,10,06,11.3,9,12.6,4.1,0,215,15.5,40.7,1015.4,18
2021,10,07,12,6.4,16.6,0,0,107,6.1,16.6,1026.4,294
2021,10,08,10.5,3.2,18.6,0,0,104,6.5,21.6,1029.3,570
2021,10,09,10.6,3.5,18.5,0,0,127,6.1,15.5,1027.9,606
2021,10,10,8.8,2.3,16.9,0.4,0,136,6.5,14.8,1026.4,594
2021,10,11,9.9,3.8,14.8,2.5,0,302,7.6,25.9,1025.3,78
2021,10,12,9.2,3.5,12.7,9.8,0,277,8.6,27.7,1020.2,30
2021,10,13,8,2,13.5,0,0,214,5,18.4,1024.8,114
2021,10,14,11.6,9.4,14.6,0.5,0,223,6.8,25.2,1023.6,0
2021,10,15,9.6,3,13.7,0.5,0,210,9.4,29.2,1018.2,108
2021,10,16,6.6,1.8,13.6,0,0,89,5.4,13,1021.7,252
2021,10,17,7.8,0.4,14.8,0,0,132,6.5,14.8,1020.7,444
2021,10,18,9.2,3.2,14.5,3.7,0,118,14.4,33.5,1022.5,384
2021,10,19,13.8,10.1,17.8,0.1,0,145,14,25.9,1018.1,0
2021,10,20,15.7,12.8,17.4,1.1,0,166,16.6,40,1006.3,0
2021,10,21,10.8,5.5,17.4,6.9,0,238,25.9,81,1002.8,48
2021,10,22,8,2.5,11.9,0.3,0,246,15.8,57.2,1017.8,144
2021,10,23,8.1,5.3,11.7,0,0,128,6.5,14.8,1027.1,66
2021,10,24,7.8,0.3,14.1,0,0,122,14.8,38.2,1023.8,552
2021,10,25,10.1,3.8,16.7,0.3,0,151,10.4,24.1,1018.8,360
2021,10,26,12.1,8.7,17.1,0,0,201,10.8,31.3,1021.1,246
2021,10,27,12.3,8.5,17.1,0,0,167,12.2,27.7,1023.3,132
2021,10,28,10.1,7.8,15.1,0,0,124,16.6,35.6,1017.2,534
2021,10,29,12.2,8.1,17.5,0,0,130,19.8,46.4,1009.2,276
2021,10,30,12,11.2,13.5,0.2,0,131,19.1,43.9,1004.2,0
2021,10,31,13.4,8.6,18.1,11.4,0,140,14,61.2,1002.8,72
2021,11,01,10.2,5.9,14.8,0,0,176,13.7,42.1,1000.5,456
2021,11,02,7.4,1.5,9.8,5.3,0,145,9,22.3,1000.3,18
2021,11,03,6,2.2,7.5,7.7,0,44,10.1,22.3,1000.2,0
2021,11,04,6.8,4.9,8.7,0.6,0,293,9.4,24.1,1006.4,0
2021,11,05,7.9,5.2,10.5,0,0,256,5.8,18.4,1021.9,0
2021,11,06,8.3,3.5,12.6,0.1,0,190,10.4,38.2,1026.8,354
2021,11,07,9.5,6.3,11.9,0.5,0,250,16.6,37.8,1017.3,30
2021,11,08,8,5.7,11,0,0,192,4.7,13,1022.6,12
2021,11,09,6.7,1.2,12.5,0,0,129,7.6,27,1026.3,474
2021,11,10,2.9,-2.4,8.8,0,0,124,6.5,13,1024.7,276
2021,11,11,1.4,-3.5,9.3,0,0,119,5.8,13.7,1024.4,300
2021,11,12,3.7,-2.1,7.7,1.4,0,125,13.7,31,1017.9,306
2021,11,13,7.3,3.9,9.2,5.8,0,119,11.5,27,1012.6,0
2021,11,14,7.8,4.1,10.3,0,0,49,7.9,25.9,1021,6
2021,11,15,7,5.8,7.9,0,0,74,7.2,19.1,1024.5,0
2021,11,16,5.5,4.8,6,0.1,0,151,5,14.8,1022.1,0
2021,11,17,6.4,4.5,8.9,0.1,0,208,6.8,18,1022.2,0
2021,11,18,7.5,3.1,11.6,0.3,0,195,8.3,27.7,1028.6,198
2021,11,19,10,9.1,11.2,0.4,0,246,9.7,23.4,1029.4,0
2021,11,20,8.6,3.5,10.4,0.3,0,206,6.8,18.4,1023.7,0
2021,11,21,6.3,1.8,8.2,2.4,0,272,6.5,16.6,1013,0
2021,11,22,2.9,-4.6,7.6,0,0,3,10.4,31.3,1024.5,372
2021,11,23,1.4,-4.2,4.8,0,0,114,5.4,11.2,1030,0
2021,11,24,3.5,-2.2,7.2,0,0,116,6.8,24.1,1021.5,0
2021,11,25,3,-0.1,5.4,0.1,0,186,5.4,18,1011.2,138
2021,11,26,4.3,3.3,5.5,3.6,0,199,14.4,42.5,996.4,0
2021,11,27,3,0.2,6,0,0,182,11.2,28.4,989.5,174
2021,11,28,2.7,1.5,4.2,0,0,21,8.3,29.2,997.1,0
2021,11,29,2.1,-1.4,4.1,7.1,0,274,11.2,35.3,1007.6,0
2021,11,30,6.6,2.6,9.3,5.8,0,246,20.2,52.6,1007.7,0
2021,12,01,8,5.2,10.2,4.6,0,228,22,54.4,996.3,0
2021,12,02,3.4,-0.9,5.5,0.5,0,287,15.1,40.7,1002.5,18
2021,12,03,2.4,-1.2,4.3,0.3,0,181,13,37.1,1008.9,0
2021,12,04,4.2,2.4,5.5,2.8,0,150,13.3,34.6,997.4,0
2021,12,05,4.1,1.5,6.1,0.1,0,140,10.8,25.2,1003,18
2021,12,06,2.4,-1.1,6.2,8.8,0,135,10.1,38.9,1011.5,318
2021,12,07,4,0.3,6.6,0.2,0,191,17.3,44.3,1006,210
2021,12,08,4.5,1.1,6.9,0,0,151,14.4,47.5,998.3,0
2021,12,09,2.8,-0.5,4.6,0.5,0,151,10.4,24.1,1003.8,138
2021,12,10,2.7,-1.4,4.2,0.1,0,125,15.1,42.1,995.4,0
2021,12,11,2.9,-0.4,6.5,0.6,0,249,7.2,31,1014.8,6
2021,12,12,5.4,2.2,7.8,7.1,0,146,11.2,26.6,1023.4,0
2021,12,13,8.2,7.2,9.9,0,0,163,7.9,20.5,1027.1,0
2021,12,14,7.6,6.8,8.3,0,0,196,6.5,16.6,1027.7,0
2021,12,15,8.4,7.4,9.8,0.1,0,177,5.4,16.6,1031.3,0
2021,12,16,8.4,6,9.9,0,0,118,4,14.8,1036.6,0
2021,12,17,7,0.7,8.5,0,0,110,4.3,14.8,1039,0
2021,12,18,3.6,-0.1,5.6,0.4,0,181,4.7,16.6,1038.1,0
2021,12,19,5.7,5.3,6.2,0.1,0,292,10.8,29.5,1030.5,0
2021,12,20,3.2,-3.9,6.8,0,0,42,9,20.5,1026.9,348
2021,12,21,-2.3,-7.6,3.6,0,0,116,6.5,13,1026.1,390
2021,12,22,-1.3,-6.2,2,0,0,118,13.7,31.3,1023.8,318
2021,12,23,2.2,-1.3,7.2,0.7,0,126,15.5,36.4,1011.3,0
2021,12,24,8.7,6.6,10.4,7,0,249,13.7,43.2,1004.5,6
2021,12,25,3.1,-0.2,7.2,3.2,0,81,13,31.3,1006.1,0
2021,12,26,1.9,0.1,3.2,0,0,115,18.4,36.4,1006.1,0
2021,12,27,5.6,2.8,8,5.1,0,120,16.2,27.7,1000.1,42
2021,12,28,8.7,6.8,10.9,13.6,0,166,16.9,66.6,994.5,18
2021,12,29,9.6,8.2,13,6.1,0,230,14.8,43.9,1006.1,18
2021,12,30,13.5,10.6,15.2,0,0,233,15.1,50,1015.8,0
2021,12,31,13.5,11.4,15.5,0,0,218,13,38.9,1019.8,60
2022,01,01,12.3,9.2,14.6,0.3,0,182,12.2,29.5,1023.4,138
2022,01,02,11.1,8.7,13.6,5.9,0,165,14.4,56.2,1014.6,0
2022,01,03,9.4,7.6,11.2,13,0,223,14.8,50.8,1010.8,6
2022,01,04,6.5,2.9,8,12.9,0,208,7.9,31,998.1,0
2022,01,05,3.3,0.9,5.1,1.5,0,269,20.5,52.6,1006.3,0
2022,01,06,2.4,-0.3,4.5,0.4,0,242,8.6,22.7,1018,24
2022,01,07,2.7,0.5,5.4,0.7,0,178,13.3,42.5,1012.6,6
2022,01,08,2.4,-0.4,4.2,11.3,0,176,13.7,40,1006.2,36
2022,01,09,4.4,1.3,5.6,0.2,0,246,16.2,61.6,999.7,0
2022,01,10,1.1,-2.7,6.2,0,0,122,6.1,18.4,1021.3,318
2022,01,11,0.3,-3.3,5,0,0,127,9.4,20.5,1033.5,324
2022,01,12,1.2,-1.2,3,0,0,124,5,13,1038.9,0
2022,01,13,2.1,-2.6,6.6,0,0,140,6.8,18.4,1040.3,300
2022,01,14,0.7,-4,4.5,0,0,95,6.1,16.6,1035.5,210
2022,01,15,1.4,0.2,2.5,0,0,118,15.8,29.5,1028.4,0
2022,01,16,3.6,1.6,5.7,0.6,0,220,12.6,35.6,1025.5,0
2022,01,17,5.6,4.1,7.3,0.6,0,280,15.1,38.9,1032.8,0
2022,01,18,6.1,1.2,8,0,0,349,6.1,18.4,1036.7,0
2022,01,19,3.8,1.7,5.6,2.9,0,193,11.2,31.3,1025.2,0
2022,01,20,2.9,-0.1,5.2,0.1,0,301,18.4,52.6,1026.6,78
2022,01,21,2.5,-0.2,4.7,0.7,0,289,12.6,33.5,1032.7,0
2022,01,22,4.5,3.4,5.7,0.7,0,282,11.9,33.5,1033.4,0
2022,01,23,4.5,1.1,6,0,0,80,5.4,16.6,1035.1,0
2022,01,24,3.5,-0.2,4.5,0,0,125,10.8,25.9,1033.8,0
2022,01,25,2.3,1.8,3,0,0,89,6.8,18.4,1033.1,0
2022,01,26,2,1.5,2.5,0,0,254,11.9,29.5,1031.8,0
2022,01,27,4.8,1.6,7.6,3.1,0,240,17.3,48.6,1025.5,0
2022,01,28,4.8,1.8,8.2,0,0,277,13,38.2,1032.4,270
2022,01,29,7.8,5,10.8,1.5,0,237,18.7,58.7,1025.1,0
2022,01,30,5,1.1,7.4,2.4,0,277,17.3,49.3,1026.7,84
2022,01,31,4.3,2.6,5.6,7.5,0,262,26.6,65.9,1011.6,0
2022,02,01,5.3,1.4,8.6,3.1,0,267,20.5,55.1,1015.9,0
2022,02,02,7.7,5.8,10.5,1.2,0,277,16.6,56.2,1018.4,162
2022,02,03,7.1,6,8.3,0,0,208,9.7,27.7,1016.6,0
2022,02,04,6.6,2.5,9,1.5,0,225,18,62.3,1011.6,0
2022,02,05,5,2.4,8,0.6,0,237,19.1,46.4,1019.4,204
2022,02,06,6.3,2.7,8.1,11.7,0,234,25.6,78.8,1006.3,0
2022,02,07,4.5,1.6,7.3,1.3,0,271,19.1,51.8,1021.2,24
2022,02,08,7.9,4.2,10.6,1.8,0,224,12.6,35.3,1027.8,0
2022,02,09,8.4,1.4,10.3,0,0,215,9.4,27.7,1025.6,0
2022,02,10,5,1.7,8.1,9.9,0,201,9.4,40,1020.4,6
2022,02,11,3.3,-2.2,7.7,0,0,279,15.8,56.9,1028.5,192
2022,02,12,1.4,-4.6,6.8,0,0,123,13,43.2,1028.3,504
2022,02,13,5.2,-2.1,11.8,0,0,132,17.3,46.4,1013.4,510
2022,02,14,9.3,4.4,12.5,0,0,185,18,50,1003.3,144
2022,02,15,7.3,4.1,10.2,2.9,0,222,15.8,45,1009.9,186
2022,02,16,11.3,7.1,15.3,1.5,0,213,22.7,74.5,999.5,0
2022,02,17,10,5.3,13.8,0.5,0,264,31.7,91.4,1004.9,222
2022,02,18,9.1,5.9,14.2,2.3,0,208,28.1,114.8,1002.8,12
2022,02,19,6.4,4,9.8,0,0,237,29.9,76,1011.8,324
2022,02,20,8.7,2.2,11.8,12.7,0,225,24.5,87.1,1007,0
2022,02,21,5.7,3.1,7.2,2.4,0,264,30.6,77,1003,96
2022,02,22,7,2.7,10.3,2.2,0,250,17.6,66.6,1017.6,0
2022,02,23,7.2,1.7,12,0,0,213,11.2,29.5,1023.6,558
2022,02,24,6.9,0.6,12,4.5,0,203,17.3,87.1,1012.9,36
2022,02,25,3.3,-1.1,7.2,3,0,250,14,47.5,1022.9,66
2022,02,26,2.9,-0.4,7.3,0,0,99,7.2,24.1,1033.7,378
2022,02,27,4.3,-3.2,9.4,0,0,113,17.6,50,1031.5,582
2022,02,28,5.2,-4.1,10.8,0,0,119,14,40.7,1030.3,594
2022,03,01,4.8,1.2,9.2,0,0,113,13.7,33.5,1028.1,204
2022,03,02,5.7,0.2,12.1,0,0,110,9.4,24.1,1022.8,516
2022,03,03,5.2,-2.7,12.8,0,0,106,10.4,27.7,1018.3,564
2022,03,04,3.9,-3.9,11.1,0,0,118,9,23.4,1020,606
2022,03,05,2.9,-1.7,9,0,0,116,12.6,31.3,1020.7,612
2022,03,06,1.4,-4.1,8.1,0,0,56,9,40,1024,348
2022,03,07,1.6,-4.9,7.8,0,0,89,10.4,35.3,1025.3,600
2022,03,08,4.6,-1.6,10.5,0,0,117,18,56.2,1021.9,624
2022,03,09,6.8,-0.3,13.5,0,0,116,13.3,31.3,1022.7,630
2022,03,10,8.9,-1.2,16.2,0,0,118,15.5,51.8,1022.7,636
2022,03,11,8.8,4.5,13.2,0,0,120,26.3,52.9,1016.5,600
2022,03,12,10.1,6.1,14.5,0,0,136,18,38.9,1017,366
2022,03,13,10.4,2.5,17.1,9.7,0,126,15.1,37.8,1014.9,354
2022,03,14,8.9,2.6,13.6,0.2,0,191,10.4,31.3,1024.4,150
2022,03,15,6.1,0.7,9.3,1.3,0,106,7.9,21.6,1024.9,0
2022,03,16,8,-0.9,12.9,0.8,0,117,18,48.2,1023.1,384
2022,03,17,8.1,1.3,11.3,1.8,0,342,14.4,38.9,1028.5,0
2022,03,18,7,-2.1,16.1,0,0,58,10.1,38.9,1040.7,648
2022,03,19,7.6,-0.6,14.4,0,0,78,17.6,52.6,1038,636
2022,03,20,8,3.1,12.5,0,0,120,16.6,55.4,1027.9,186
2022,03,21,12,5.1,18.5,0,0,115,10.1,35.3,1030,612
2022,03,22,11.7,3.5,18.5,0,0,110,10.4,27,1030.5,672
2022,03,23,9.8,-0.4,18.9,0,0,98,7.9,24.1,1029.5,672
2022,03,24,9,-0.9,18.4,0,0,59,7.9,29.2,1028.2,672
2022,03,25,9.7,-1,18.4,0,0,67,8.6,29.5,1028.3,684
2022,03,26,10.6,0.4,19.1,0,0,49,7.9,48.6,1029.9,660
2022,03,27,11,2.1,18.8,0,0,16,6.8,24.1,1028.7,642
2022,03,28,11.9,3.6,20.1,0,0,11,9,32.8,1020.7,594
2022,03,29,10.9,6,16.4,0.5,0,30,7.9,27.7,1010.3,132
2022,03,30,9.5,5.7,14.3,3.3,0,17,9.7,37.1,1002.4,342
2022,03,31,5,2.3,6.9,8.7,0,33,9.7,24.1,998.5,0
2022,04,01,1.5,0,2.8,3.6,0,358,17.6,48.2,1005.3,0
2022,04,02,1.4,-0.4,4.5,0,20,359,14.4,40,1015.8,72
2022,04,03,3.4,-1.2,8,0,0,325,9.4,29.2,1021.4,258
2022,04,04,4.7,-0.4,7.8,7.1,0,224,20.5,56.9,1012.2,66
2022,04,05,10.1,7.6,12.2,4.9,0,252,18,46.8,1005.9,0
2022,04,06,10.3,9,11.8,0.1,0,225,19.4,45.7,1002,0
2022,04,07,10.5,5.3,14.5,9.6,0,226,30.2,79.6,989.8,246
2022,04,08,5.6,2.6,8.1,0.1,0,230,10.8,40.7,998.3,18
2022,04,09,6,1.6,11,0.3,0,279,19.4,61.2,1011.1,252
2022,04,10,5.2,-0.7,11.2,0,0,265,9.4,35.6,1019.9,420
2022,04,11,9.9,3.3,16.1,0,0,113,14.8,37.1,1016.1,690
2022,04,12,15.7,8.8,23.1,0,0,123,17.6,44.3,1010.3,570
2022,04,13,15.2,7.7,21.4,0.2,0,353,10.1,28.4,1015.3,378
2022,04,14,14.3,9.5,20.1,0.2,0,309,8.6,28.4,1020.6,216
2022,04,15,10.5,3.1,16.2,0,0,356,11.2,31.3,1026,744
2022,04,16,10.6,3.4,17.5,0,0,82,12.2,42.5,1030.1,756
2022,04,17,10.9,0.6,18.2,0,0,123,11.2,38.2,1025.9,786
2022,04,18,11.8,1.6,19.8,0,0,104,8.6,24.1,1017.5,780
2022,04,19,12,0.5,20.2,0,0,89,10.1,35.6,1012.8,744
2022,04,20,12.3,3.8,18.7,0,0,76,13.7,39.6,1014.1,792
2022,04,21,11.8,2.5,18,0,0,82,11.2,32.8,1010.4,420
2022,04,22,12.2,3.2,18.9,0,0,63,15.1,40.7,1004.7,390
2022,04,23,13.4,8.1,17.9,0,0,94,18.4,48.2,1002.6,528
2022,04,24,13.3,4.6,19.3,8.2,0,54,13,38.9,1001.6,294
2022,04,25,9.6,6.3,14.9,0.3,0,67,10.1,46.4,1009.8,186
2022,04,26,8.9,5.8,12.6,4.6,0,293,9,36.4,1016.3,12
2022,04,27,11,3.8,17.5,0,0,330,7.9,24.1,1023.9,648
2022,04,28,11.5,2.7,18.5,0,0,357,7.6,29.2,1027.8,768
2022,04,29,11.1,4.4,17.5,2.5,0,356,10.4,33.5,1026.5,114
2022,04,30,9.6,4.3,15,0,0,344,14,33.5,1024.5,288
2022,05,01,9.8,0.7,16.3,0,0,0,9.4,31.3,1021.9,138
2022,05,02,12.9,6.2,20,0.3,0,335,7.9,27.7,1017.5,456
2022,05,03,13.3,6.9,19.6,0,0,327,11.5,35.6,1016.6,744
2022,05,04,11.8,5.2,18.5,0,0,313,9,32.8,1017.2,582
2022,05,05,12.3,4.9,19.4,0,0,56,8.3,27.7,1021.1,438
2022,05,06,13.4,3.6,21.5,0,0,38,7.9,31.3,1023.9,660
2022,05,07,14.8,5.9,22.9,0.2,0,65,7.9,32,1022.4,630
2022,05,08,14.2,8.4,20.8,0,0,351,11.5,40,1024.8,558
2022,05,09,16.8,5.1,25.4,0,0,114,8.3,35.3,1023.6,744
2022,05,10,20.2,10,27.1,0,0,173,13.3,38.9,1016.9,402
2022,05,11,22,14.8,29,0,0,234,14.4,54.4,1010.4,642
2022,05,12,16.4,10.2,21.9,0,0,288,13,51.1,1017.2,564
2022,05,13,14.8,8.2,20.7,0,0,253,13,42.1,1019.6,654
2022,05,14,15.4,6.8,22.9,0,0,271,7.6,25.2,1020.5,822
2022,05,15,18.4,6.7,26.8,0,0,123,9.4,32,1017.4,804
2022,05,16,17.8,11.5,26,8.3,0,134,9.7,43.2,1015.8,234
2022,05,17,18.8,9.3,25.6,0,0,117,9,24.1,1019.8,324
2022,05,18,23.4,16.8,29.8,0,0,122,12.6,35.3,1019.4,714
2022,05,19,20.7,15.4,30.3,4.4,0,140,13.3,74.5,1018.3,432
2022,05,20,18.3,12,25.1,5.1,0,174,13.3,61.6,1017.7,156
2022,05,21,14.7,9.9,20.5,0,0,273,13,35.6,1020.6,276
2022,05,22,16.9,8.7,23.9,0,0,123,7.6,25.9,1014,816
2022,05,23,17.9,13.5,24,17.2,0,132,14.4,52.6,1001.8,126
2022,05,24,13.9,9.5,19,6.7,0,231,13,46.4,1006.7,240
2022,05,25,15.3,9.1,20.8,0,0,215,13.3,40,1015.3,576
2022,05,26,17.6,14.1,21.9,0,0,257,18.4,45,1020.1,318
2022,05,27,15,7.3,20.5,2.2,0,285,20.9,56.9,1020.4,456
2022,05,28,12.2,6.3,17.5,0,0,300,16.6,38.9,1019.5,486
2022,05,29,9.3,4.2,14.6,3.6,0,307,9.4,41.4,1014.4,132
2022,05,30,11.1,6.1,16.3,0,0,356,5.8,19.8,1012.9,180
2022,05,31,13.1,7.2,20,0.5,0,114,7.2,27.7,1012.4,354
2022,06,01,12.7,6.7,19.1,0,0,245,11.9,46.8,1015.2,546
2022,06,02,14.1,3.6,21.6,0,0,81,7.9,28.4,1019.8,900
2022,06,03,18.4,6.3,26.4,0,0,88,7.9,25.9,1016.1,594
2022,06,04,20.1,11.5,27,0,0,78,7.6,31.3,1017,576
2022,06,05,18.7,16.6,21.3,5.3,0,123,15.1,52.9,1013.1,54
2022,06,06,18.2,12.4,22.7,0.5,0,241,14.8,46.4,1014.4,516
2022,06,07,16,11.5,20.5,7.9,0,202,9,33.8,1012.8,156
2022,06,08,15.7,12.8,20.4,5.5,0,161,9.7,38.9,1008.2,108
2022,06,09,15.5,10.8,19.9,1.5,0,248,11.2,31.3,1014.9,294
2022,06,10,17.6,9.2,24,0,0,150,8.6,25.9,1021.6,288
2022,06,11,20.5,14.6,25.2,0,0,199,8.6,27.7,1021.4,342
2022,06,12,18.5,10.6,24.2,0,0,299,11.2,33.8,1021,864
2022,06,13,15.4,8.8,21.4,0,0,290,13,43.9,1021.4,498
2022,06,14,16,5.8,23.8,0,0,38,6.8,29.2,1020.9,900
2022,06,15,20,8.6,29.1,0,0,28,7.9,38.9,1016.6,846
2022,06,16,19.4,12.8,25.5,0,0,341,13,38.9,1020.3,828
2022,06,17,21.6,9.8,30.2,0,0,122,9.7,29.2,1021.9,840
2022,06,18,27.4,16.5,35.5,0,0,156,9.7,34.6,1014.4,768
2022,06,19,21.2,15.1,26.3,11.5,0,295,16.9,46.4,1008.9,618
2022,06,20,15.4,8.6,21.1,4.3,0,309,13.3,40,1014.4,366
2022,06,21,16.7,6,23.8,0,0,68,8.3,22.7,1013.6,528
2022,06,22,20.3,8.8,29.3,0,0,68,7.6,27.7,1010.7,858
2022,06,23,24.4,15,31.1,13.8,0,118,12.2,33.5,1009.5,876
2022,06,24,19.8,15.7,25,5.9,0,195,10.8,42.1,1007.2,180
2022,06,25,21,15.6,26,0.9,0,142,10.1,40.7,1010.9,498
2022,06,26,17.6,14.5,21.2,1.8,0,335,7.6,22.3,1014.6,36
2022,06,27,16.6,10.5,21.4,4.1,0,246,6.8,48.2,1016.4,72
2022,06,28,18.1,9,25.1,0,0,103,8.3,27.7,1019.6,864
2022,06,29,19.8,12.6,27.4,0,0,102,6.5,18.4,1013.2,432
2022,06,30,21,13.8,31.1,2.2,0,131,11.2,52.9,1010.7,690
2022,07,01,16.8,10.8,22.1,0,0,259,10.4,29.2,1018.1,330
2022,07,02,19.1,8.8,26.9,0,0,132,10.1,36.4,1019.9,768
2022,07,03,19.8,11.4,26.8,0,0,288,11.9,35.3,1017.3,708
2022,07,04,18.3,10.4,25.3,0,0,296,8.3,27.7,1019.5,858
2022,07,05,18.6,9.9,25.1,0,0,2,12.6,38.2,1021.3,594
2022,07,06,16.5,9.8,21.7,0,0,294,11.9,31,1024,486
2022,07,07,17.2,15,20.5,3.5,0,284,19.8,53.6,1022.5,162
2022,07,08,17.7,12.2,24,0,0,336,11.9,31,1029.4,438
2022,07,09,18.4,12.2,24.9,0.5,0,335,13,37.1,1025.7,336
2022,07,10,15.2,10.3,18,0,0,323,9.7,33.5,1024.9,102
2022,07,11,17.5,12.6,21.6,0,0,328,7.9,20.5,1023.2,120
2022,07,12,20.6,10.1,29.4,0,0,132,6.5,32.8,1023.5,744
2022,07,13,23.7,17.2,32.1,0,0,102,12.6,47.5,1019.5,222
2022,07,14,20,12.5,26.2,0,0,328,14.8,42.1,1018.8,300
2022,07,15,16.9,11.5,23.4,0,0,340,11.2,29.2,1021.5,498
2022,07,16,17.6,9.1,24.6,0,0,9,11.9,38.9,1022.9,534
2022,07,17,18.8,7.3,27.8,0,0,51,7.6,24.1,1025.4,864
2022,07,18,24.3,11.3,35.1,0,0,141,7.6,26.6,1021.2,900
2022,07,19,28.4,15.8,38,0,0,118,13,39.6,1015.8,894
2022,07,20,26.3,17.8,31.7,9.3,0,315,14.4,40,1015.8,576
2022,07,21,18.6,16.3,23.3,8.2,0,229,11.9,36.4,1019.1,126
2022,07,22,18.4,15.5,23.1,0.4,0,334,8.6,27.7,1018.8,192
2022,07,23,20.1,14.1,26.5,0,0,331,10.1,29.2,1018.1,798
2022,07,24,24.1,12.8,32.3,0,0,133,9,24.1,1016.4,834
2022,07,25,23.8,17.2,30.4,0.1,0,214,14.4,50,1010,420
2022,07,26,19.2,16.2,24.2,1.2,0,279,14.4,36.4,1015.6,216
2022,07,27,16.6,11.5,22.4,0,0,342,12.6,32,1018.6,510
2022,07,28,19.1,8.4,26.4,0,0,79,8.6,31.3,1015.9,450
2022,07,29,20.6,14.2,26.9,0,0,324,10.4,32.8,1015,540
2022,07,30,20.2,12.6,27.1,0,0,286,9.7,33.5,1017.7,738
2022,07,31,22.4,15.8,28.8,0.1,0,240,11.9,40,1015.8,204
2022,08,01,21.5,13.9,26.5,0.1,0,302,11.9,31.3,1016.7,210
2022,08,02,22,12,30.7,0,0,179,9.4,29.5,1016.6,732
2022,08,03,25.2,15,34.8,0,0,120,8.3,31.3,1014,810
2022,08,04,25.4,16,36,3.8,0,128,11.2,37.1,1012,498
2022,08,05,18.7,11.8,23.4,0,0,318,12.6,35.3,1017.2,108
2022,08,06,16,8.3,23.2,0,0,14,8.6,36.4,1026,714
2022,08,07,17.6,6.7,26.8,0,0,25,8.3,40,1023.2,834
2022,08,08,19.6,8.7,28.5,0,0,352,10.1,37.8,1023.3,834
2022,08,09,22.1,11.8,30.3,0,0,358,10.1,33.5,1024.6,822
2022,08,10,23.8,12.2,32,0,0,88,9,32,1022.9,828
2022,08,11,23.9,11.4,32.3,0,0,106,9.7,37.1,1019.9,828
2022,08,12,24.6,11.5,32.2,0,0,105,13,42.1,1017.2,822
2022,08,13,24.7,13.7,32.7,0,0,105,10.1,35.3,1014.5,822
2022,08,14,25.3,15.7,33.3,0,0,117,9.7,29.5,1007,618
2022,08,15,21.5,17,25.8,1.8,0,160,9,28.4,1004.6,66
2022,08,16,23.4,15.6,30.4,0,0,129,8.3,24.1,1007.7,582
2022,08,17,22.2,16.5,27.4,0,0,257,9.4,26.6,1009.9,318
2022,08,18,19.5,14.1,25.2,0,0,275,6.5,24.8,1012.5,150
2022,08,19,21,13.9,27.8,7.2,0,271,10.8,34.6,1013.4,378
2022,08,20,19.6,12.9,24.8,0.4,0,282,10.8,30.2,1016.2,390
2022,08,21,18.9,9.3,27,0,0,329,9,26.6,1015.9,654
2022,08,22,20.9,11.5,30.1,0,0,73,6.8,23.4,1013.9,504
2022,08,23,22.9,12.4,31.8,0,0,151,7.9,24.1,1014.7,708
2022,08,24,24.8,14.4,33.7,0,0,104,8.3,25.2,1016.5,768
2022,08,25,24.9,15.7,32.9,0,0,122,9.7,33.8,1014.1,774
2022,08,26,21.3,18.4,24.3,0,0,296,14.4,35.3,1014.2,0
2022,08,27,18.3,16,21.1,0.1,0,324,12.2,25.9,1015.9,0
2022,08,28,19.2,13.1,24.8,0,0,5,13,33.5,1018.5,618
2022,08,29,17.7,7.6,25.6,0,0,9,6.5,26.6,1019.9,600
2022,08,30,21.6,12.6,29.6,7.1,0,60,9.4,33.5,1018.3,516
2022,08,31,19.7,15.4,24.9,0,0,89,9,32.8,1019.5,276
2022,09,01,20,10.1,25.9,0,0,114,10.4,37.8,1018.3,732
2022,09,02,20.4,15.6,26.2,0,0,107,15.1,43.2,1014.1,606
2022,09,03,18.4,14.8,25.7,2.6,0,117,12.2,34.6,1011.7,282
2022,09,04,20.1,12.7,27.8,0,0,129,7.6,19.1,1017.2,654
2022,09,05,22,14.3,30.4,0.2,0,114,7.9,25.2,1018,534
2022,09,06,23,14.4,31.5,11.3,0,125,9.7,53.6,1014.2,642
2022,09,07,19.9,14.3,25.8,6,0,180,7.9,33.5,1011.9,498
2022,09,08,17.7,14.9,22.9,7.1,0,173,11.2,48.6,1008.5,216
2022,09,09,17,13.9,21.8,5.5,0,178,14.8,40.7,1009.1,126
2022,09,10,16.3,14.2,18.9,7.3,0,208,12.6,38.2,1011.9,12
2022,09,11,16.5,11.2,21.5,0,0,312,8.3,24.1,1017.9,366
2022,09,12,18.3,10.6,25.1,0,0,125,10.4,34.6,1014.1,582
2022,09,13,19.8,14.1,27,16.3,0,147,7.2,20.5,1009.1,354
2022,09,14,17,14.2,18.6,19.1,0,327,7.2,20.5,1004.7,0
2022,09,15,14.9,10.7,18.7,0,0,285,10.4,33.5,1008.1,36
2022,09,16,12.7,9.6,17.8,2.2,0,272,14,50.8,1010.7,264
2022,09,17,11.5,9.6,15.8,4.4,0,281,14.8,50.8,1013.8,192
2022,09,18,10.7,7.3,13.1,13.3,0,270,16.2,53.6,1014.8,0
2022,09,19,11.9,8.4,16.7,0.1,0,285,13.7,59.4,1019.2,114
2022,09,20,11.8,6.8,16,0,0,309,9,29.5,1023,240
2022,09,21,10.1,2,18.5,0,0,114,7.2,18.4,1025.6,648
2022,09,22,11.6,3.3,18.8,0,0,127,9.7,27,1022,648
2022,09,23,12.4,4.9,18.8,0,0,117,6.8,16.6,1015.9,288
2022,09,24,12.4,8.2,16.1,4.4,0,82,6.8,17.3,1012.5,0
2022,09,25,12.5,7.7,17.2,0,0,328,10.8,29.5,1012.9,258
2022,09,26,10.2,7.6,13,17.1,0,158,13.3,35.6,1002.4,0
2022,09,27,9.6,7.6,12.8,7.5,0,246,14.4,42.1,997.8,12
2022,09,28,9.7,7.3,13.3,0.1,0,249,10.1,31.3,997.4,12
2022,09,29,8.8,1.8,15.5,0,0,116,6.8,13,1002.8,498
2022,09,30,9.8,1.4,17.6,9.5,0,147,10.1,27.7,1009.7,600
2022,10,01,12.7,10,17.2,6.2,0,209,14.4,47.5,1007.8,174
2022,10,02,13.5,8.5,17,0.2,0,238,10.8,32.8,1018.4,78
2022,10,03,10.8,5.5,16.5,0,0,90,5,13,1026.1,174
2022,10,04,12.1,5.2,19.5,0,0,125,10.1,25.9,1021,516
2022,10,05,15.4,7.3,20,0,0,158,16.2,56.9,1017.7,384
2022,10,06,12.8,4.7,18.1,0,0,250,11.2,42.5,1028.3,612
2022,10,07,10.8,2.9,18.9,0,0,135,8.3,20.5,1022.9,606
2022,10,08,11,3.7,17.2,0.4,0,222,10.8,37.1,1021.3,342
2022,10,09,9.3,0.5,17.4,0,0,117,12.2,39.6,1021.7,606
2022,10,10,12.9,6.8,19.5,0,0,125,11.9,37.1,1016.9,372
2022,10,11,8.3,2.6,15.2,0,0,73,5.8,13.7,1025.7,318
2022,10,12,8.8,0.3,16.2,0,0,118,6.8,18,1022.9,342
2022,10,13,12.3,7.5,16.5,0.6,0,135,9,25.2,1017.8,48
2022,10,14,13.8,11.9,15.4,1.5,0,131,10.1,25.9,1011.5,0
2022,10,15,15.4,12.6,19.8,0.2,0,170,9.7,42.5,1007.8,24
2022,10,16,16.2,12.6,20.3,0,0,163,10.4,24.1,1014.8,228
2022,10,17,18,15.3,21.3,10,0,123,10.1,28.4,1020.9,144
2022,10,18,14.4,7.1,18.5,0.2,0,344,5.4,20.5,1026.5,144
2022,10,19,10.3,3.7,16.8,0,0,103,10.1,21.6,1024.5,486
2022,10,20,12,9.5,14.3,2.9,0,111,18.4,38.9,1013.8,0
2022,10,21,15.1,11.7,19.2,2.6,0,123,11.2,37.1,1008.6,96
2022,10,22,14.9,12,18.7,0,0,123,9.7,27,1013.4,108
2022,10,23,15.2,12.5,18.4,4.4,0,114,15.8,35.3,1010.1,54
2022,10,24,16,11.4,18.8,0,0,178,17.3,46.4,1009,60
2022,10,25,13.8,11.3,17.6,0,0,172,9.7,25.9,1015.4,60
2022,10,26,15.8,11.5,22.1,0.1,0,147,10.8,25.9,1017,342
2022,10,27,16.7,10.8,21.3,0.1,0,111,14,31.3,1021.3,396
2022,10,28,18.8,13.4,24.6,0,0,129,10.8,27,1019,180
2022,10,29,17.3,12.4,21,0,0,111,11.5,24.1,1019,18
2022,10,30,16.1,10,22.1,0,0,126,9.7,22.7,1017.8,408
2022,10,31,13.9,8.3,18.5,0,0,113,13.3,36.4,1017.1,114
2022,11,01,14.5,8.9,17.8,0,0,175,16.9,48.2,1015.5,462
2022,11,02,12.2,7.8,16.1,0,0,185,15.8,39.6,1019.8,402
2022,11,03,11.2,8.2,13.3,4.8,0,133,16.6,36.4,1008.4,54
2022,11,04,9.4,5.6,12.9,2.6,0,184,7.6,18.4,1007.2,30
2022,11,05,8.1,4.4,11.7,0,0,186,9.7,27.7,1017.6,252
2022,11,06,8.9,6.1,12.7,0.2,0,137,16.2,40,1012.6,222
2022,11,07,12.1,8.2,15.4,0,0,181,15.5,40,1012,6
2022,11,08,13.1,9.6,16.3,0,0,147,17.6,43.2,1009,54
2022,11,09,13.6,10.3,15.7,0,0,190,15.1,43.9,1010.8,186
2022,11,10,10.4,7.3,15.2,0,0,178,13,34.6,1024.7,450
2022,11,11,9.5,6.1,15,0,0,119,13,24.1,1030.9,342
2022,11,12,8.7,1.1,14.9,0,0,114,10.8,26.6,1030.4,408
2022,11,13,7.8,0.5,17.1,0,0,115,7.2,14.8,1021.9,474
2022,11,14,6.1,0.1,11,0,0,125,13.3,35.3,1012.4,6
2022,11,15,12.1,9.3,14.3,17,0,133,15.8,34.6,1006.2,204
2022,11,16,11,8.4,13.9,1.4,0,147,14.4,35.3,999.4,330
2022,11,17,10.6,6.4,13.8,1.8,0,151,19.4,49.3,991.8,48
2022,11,18,8.5,6.5,11.8,7.7,0,122,6.8,18.4,1001.8,102
2022,11,19,3.7,2,7.5,0,0,89,13.3,35.6,1010.2,0
2022,11,20,4.2,1.3,8.2,8.5,0,119,10.4,52.6,1008.6,6
2022,11,21,6.9,6,9.4,0.8,0,205,14.8,44.3,1000.6,84
2022,11,22,6.8,3.3,8.9,0,0,160,16.6,38.9,995.3,108
2022,11,23,8.2,5,10.1,5,0,160,15.5,40,999.9,54
2022,11,24,8.1,4.9,12.2,2.3,0,180,12.6,31.3,1010.1,162
2022,11,25,8.8,5.9,12.1,0.4,0,192,10.1,34.6,1016.7,204
2022,11,26,6,2.5,8.2,0,0,136,10.4,24.1,1028.9,198
2022,11,27,6.5,4,9.1,5.6,0,126,18,37.1,1020.6,42
2022,11,28,6.4,5.2,7.4,4.5,0,122,10.8,25.9,1011.7,0
2022,11,29,7.5,6.4,8.7,0.7,0,292,7.2,16.6,1017.7,0
2022,11,30,6.2,5.2,6.7,0.1,0,325,10.1,20.5,1022.9,0
2022,12,01,5.2,3.6,6.5,0,0,356,11.5,25.2,1025.1,30
2022,12,02,2.7,-0.6,4.2,0.1,0,21,9.7,25.9,1021.9,0
2022,12,03,1.8,0.5,2.6,0,0,83,8.6,22.3,1019.1,0
2022,12,04,1.5,0.2,2.3,4.7,0,70,9.4,29.5,1015.8,0
2022,12,05,1.3,0.1,2.4,1.5,0,224,5,13,1018.1,0
2022,12,06,3.2,1.4,4.9,0.9,0,268,5.8,22.7,1018.6,0
2022,12,07,4.6,3.5,6,1,0,273,9.7,29.5,1015.3,0
2022,12,08,3.2,0.2,4.6,0.7,0,238,9.7,30.2,1008.4,0
2022,12,09,0.5,-3.4,4.1,0,0,72,5,13,1006,78
2022,12,10,-1.3,-3.7,0.4,0,0,100,5.4,13,1010.1,0
2022,12,11,0,-0.8,1.1,0.1,0,141,5.4,14.8,1010.4,6
2022,12,12,-1.1,-4.7,1.7,0,0,136,6.1,13,1012,348
2022,12,13,-3.1,-8.2,-0.2,0,0,110,9.7,27,1009.9,270
2022,12,14,-3.4,-8.7,-1.7,0.2,0,112,6.8,22.3,1003.1,0
2022,12,15,-7,-11.1,-3.3,0,0,122,5.4,14.8,1008.9,132
2022,12,16,-7.1,-13.8,-1.7,0,0,119,4.3,14.8,1015.5,378
2022,12,17,-4.7,-6.2,-2.6,0,0,109,10.8,20.5,1026.3,216
2022,12,18,-3.9,-9.4,-0.8,1.4,0,120,19.8,46.4,1026.9,144
2022,12,19,4.3,-0.8,10.8,2.4,0,130,19.8,37.1,1019.3,0
2022,12,20,10.2,8.4,11.9,3.1,0,129,13,25.9,1013.2,0
2022,12,21,9.5,7.3,11.2,10.9,0,179,9,31.3,1010,42
2022,12,22,9.6,8.6,10.4,6.4,0,178,11.2,31.3,1004.5,18
2022,12,23,10.2,8.8,13.2,10.5,0,208,14.4,55.1,1004.2,0
2022,12,24,10,7.7,12.5,0.2,0,227,13,42.5,1012.7,42
2022,12,25,10.6,8.3,13.5,7.1,0,143,13.3,31.3,1012.1,0
2022,12,26,9.1,1.8,13.3,4.6,0,246,12.6,41.4,1015,0
2022,12,27,4.4,1.1,9,0,0,195,12.2,35.3,1024.5,162
2022,12,28,8.9,4.4,11.3,2.1,0,185,18.7,45.7,1012.5,0
2022,12,29,10.3,4.6,12.6,0,0,211,19.1,50,1006.2,0
2022,12,30,7.8,2.7,13.5,3.6,0,163,18,43.9,1008.2,24
2022,12,31,16.2,13.1,17.9,0,0,194,22.7,53.6,1009.2,0
2023,01,01,13.5,10.8,15.5,3.1,0,180,16.2,37.1,1014.9,0
2023,01,02,11.4,7,15,4.5,0,210,14,41.4,1017.4,0
2023,01,03,7.7,4.4,11.5,2.4,0,195,13,33.5,1027,192
2023,01,04,10.7,7.1,13.1,3.7,0,205,21.2,52.9,1018.4,0
2023,01,05,10.6,9,12.3,3.9,0,248,17.3,47.5,1019.8,24
2023,01,06,10.6,9.5,11.6,0.4,0,201,13,42.1,1018.7,6
2023,01,07,10.1,7.8,11.3,1.7,0,159,16.9,45,1012.2,48
2023,01,08,9.5,6.1,11.1,4.5,0,173,15.5,43.9,1001.6,36
2023,01,09,6.7,2.7,8.6,0,0,211,14.8,42.1,1001,6
2023,01,10,6.3,4.8,8.2,7.1,0,205,16.6,37.8,1016.3,126
2023,01,11,9.1,6.5,10.6,5.9,0,200,17.3,45.7,1011.9,72
2023,01,12,10.1,8.1,11.6,13.1,0,213,23.4,46.4,1009.2,0
2023,01,13,8.7,7.3,11.5,1.7,0,237,20.5,70.2,1009.7,54
2023,01,14,8.6,5.6,12,9.9,0,191,19.1,51.1,1007.5,0
2023,01,15,6.3,3.9,8,1.1,0,225,21.6,61.2,1002,132
2023,01,16,4.6,3.1,5.6,2.9,0,160,22,51.8,985.3,0
2023,01,17,1.3,-3.6,4.7,0,0,198,11.5,49.3,987.5,324
2023,01,18,-1.4,-5.8,3.6,0,0,154,8.3,22.3,996.7,288
2023,01,19,1,-1.4,3,5.8,0,210,10.8,29.5,1005.9,12
2023,01,20,0.4,-3,2,0.2,0,152,10.4,25.9,1015.5,42
2023,01,21,-1.9,-7.3,1,0,0,13,8.6,29.5,1028.7,102
2023,01,22,0.7,-0.4,1.7,0,0,342,11.2,31.3,1030.3,0
2023,01,23,1.8,-1,3.5,0,0,18,9,19.8,1034.8,0
2023,01,24,2.1,0.9,2.8,0,0,83,9,20.5,1036.9,0
2023,01,25,-0.1,-1.4,0.9,0,0,106,6.1,16.6,1031.7,0
2023,01,26,-0.2,-1.9,2,0.5,0,301,7.2,20.5,1023.4,0
2023,01,27,3,0.8,6.1,0,0,3,13,31.3,1024.3,84
2023,01,28,-0.9,-6,2.3,0,0,9,8.3,20.5,1029.3,42
2023,01,29,-1.9,-8,2.6,0.1,0,147,9,28.4,1027.4,0
2023,01,30,5.7,2.5,7.8,0.6,0,263,21.2,59.8,1019.4,78
2023,01,31,5.2,1.1,7.4,0.6,0,248,14.8,46.4,1022.7,0
2023,02,01,6.5,4.7,7.9,2.1,0,266,22,58,1020,0
2023,02,02,7.8,6.6,9,0.3,0,272,20.5,46.8,1023.6,0
2023,02,03,8.9,7.7,9.5,0.2,0,279,23,55.1,1026.3,0
2023,02,04,7,5.3,9.5,2.3,0,317,9.4,37.1,1034.9,42
2023,02,05,5.3,3.2,6.4,3.8,0,349,13.7,53.6,1036.5,0
2023,02,06,2.1,-1.8,5.9,0,0,346,8.6,29.2,1040.1,168
2023,02,07,-0.1,-6.3,6.1,0,0,107,9,29.5,1039.3,516
2023,02,08,0.6,-7.3,7.6,0,0,125,10.8,32,1036.6,522
2023,02,09,0.4,-3.5,5.8,0,0,131,7.9,20.5,1033.3,456
2023,02,10,3.6,-1.9,8.1,0,0,167,7.6,32,1036.7,204
2023,02,11,5.4,3.6,7.4,0,0,222,6.5,25.9,1035.6,0
2023,02,12,7.5,4.7,10.1,0,0,111,5.4,24.1,1037.8,0
2023,02,13,9.3,5.7,14.6,0,0,130,14,29.2,1035.9,540
2023,02,14,6,1.5,11.8,0,0,122,13,25.9,1032.8,540
2023,02,15,4.6,-0.4,11.5,0,0,121,14,31.3,1026.8,480
2023,02,16,6.2,0.3,11.1,0.3,0,140,12.2,24.1,1023.7,120
2023,02,17,12.4,9.2,16.7,0,0,236,18.7,59.8,1020.8,48
2023,02,18,10.3,9.3,11.2,5,0,251,19.8,61.6,1020.6,0
2023,02,19,8.9,4.2,10.9,3.5,0,275,15.8,38.2,1022.7,0
2023,02,20,6.8,3.1,11.9,0,0,259,11.2,36.4,1023.6,420
2023,02,21,7.8,4.2,13.1,0,0,241,6.1,21.6,1018.7,276
2023,02,22,7.7,-0.4,14.4,5,0,114,7.9,27.7,1012.4,192
2023,02,23,7.9,5.5,9,0.2,0,332,8.3,24.1,1013.6,0
2023,02,24,4.5,3.3,6.5,2.9,0,292,14,47.5,1008.4,0
2023,02,25,2.9,-3.3,5.9,0.5,0,322,17.6,52.9,1009.6,204
2023,02,26,-0.3,-3.9,4.2,0,0,22,14.4,45.7,1021.9,360
2023,02,27,0.4,-6.9,6.6,0,0,58,11.2,33.8,1027.8,534
2023,02,28,0.9,-3.3,5.7,0,0,62,13.3,40,1029.1,588
2023,03,01,1,-7.5,9.1,0,0,57,7.6,29.5,1025.6,582
2023,03,02,3.4,-5.3,12.9,0,0,26,7.6,27,1021,594
2023,03,03,0.3,-4.3,5.4,0,0,318,7.2,25.2,1024.3,264
2023,03,04,3.6,0,6.9,0.1,0,309,9.4,29.5,1023.4,6
2023,03,05,3.5,2.5,5.1,1.1,0,279,9.7,27,1015.7,0
2023,03,06,3.1,1.8,4.8,1,0,249,11.5,33.5,1005.4,0
2023,03,07,2.9,-0.1,6,12.3,0,240,15.8,48.6,998.7,0
2023,03,08,1.5,-0.1,5.2,11.2,0,117,9.4,20.5,994,0
2023,03,09,7.3,2.3,12.6,5.7,0,204,9.4,32.8,993.8,0
2023,03,10,7.7,0.7,12.7,6.2,0,218,22.7,83.2,991.1,48
2023,03,11,1.6,-2.4,5.5,0.2,0,300,9,50,1010.2,354
2023,03,12,5.9,0.5,11.7,1.2,0,161,11.9,40.7,1009.7,0
2023,03,13,13.1,9.3,17,2.7,0,202,18.7,62.3,998.3,42
2023,03,14,7.7,1.4,11.9,10.1,0,250,18.4,67.3,998.6,6
2023,03,15,3.1,0.1,7.7,0,0,234,9.4,27,1017.4,210
2023,03,16,6.7,1.8,11.7,0,0,132,19.4,50.8,1015.6,222
2023,03,17,11.1,6.9,16.6,3.4,0,131,17.6,38.2,1008.9,378
2023,03,18,12.4,7.5,17.3,0.8,0,165,11.9,27,1010.6,426
2023,03,19,11.1,8.7,13.9,0.6,0,160,8.6,27.7,1014.3,72
2023,03,20,9.1,6,10.9,0,0,253,10.4,27.7,1019.3,6
2023,03,21,9.8,8,12.6,3.7,0,163,13.3,31.3,1014.5,66
2023,03,22,11.9,7.4,15,0.4,0,188,16.6,42.1,1008.6,156
2023,03,23,13.4,10.9,15.7,0.8,0,203,20.9,63.7,1005,30
2023,03,24,12.4,7.9,17.4,4.1,0,224,18.4,68,1003.1,234
2023,03,25,9.9,7.2,13.9,2.9,0,238,22.7,71.6,1005.7,102
2023,03,26,7.5,2.7,9.5,13.4,0,204,15.5,44.3,1004.1,0
2023,03,27,3.1,-0.6,7.9,0.4,0,319,16.6,50,1019.9,348
2023,03,28,4.2,-1.9,10.2,1.1,0,190,10.1,53.6,1024.5,462
2023,03,29,10.6,4.5,16.2,0,0,148,12.2,32,1014.1,42
2023,03,30,13.6,8.7,17,7.3,0,212,17.6,69.8,1007.9,270
2023,03,31,11.7,9.3,15,2.9,0,200,19.4,55.4,997.6,18
2023,04,01,9.8,8.4,11.1,5.2,0,245,19.4,46.4,998.7,0
2023,04,02,6.3,1.2,8.4,0.1,0,39,15.8,40,1018.6,0
2023,04,03,4.8,-1.6,10.4,0,0,69,15.8,43.2,1028.8,738
2023,04,04,4,-2.3,10.2,0,0,67,9.7,29.2,1026.7,702
2023,04,05,5.5,-1.6,11.5,0,0,129,7.2,22.3,1021.2,720
2023,04,06,6.2,-2.3,13.2,10.7,0,146,12.2,39.6,1016.5,348
2023,04,07,8.2,7,9.7,5.3,0,294,10.4,27.7,1016.8,6
2023,04,08,8.7,6.5,12.6,0,0,333,9,22.3,1023.4,72
2023,04,09,9.5,3.1,14.7,0,0,114,12.6,35.3,1023.7,378
2023,04,10,11.7,5.2,18.5,5.5,0,149,19.1,46.4,1016.5,372
2023,04,11,10.4,7.6,14.8,2.7,0,247,17.3,53.6,1012.2,306
2023,04,12,8.3,4,14.1,6.5,0,168,15.1,59.4,1000.7,96
2023,04,13,9.2,4.3,14,4.3,0,225,18,51.1,1003.5,252
2023,04,14,8.9,-0.5,15.8,0,0,144,7.2,26.6,1008,684
2023,04,15,7.4,0.4,13.5,0.5,0,24,15.5,40.7,1012.1,258
2023,04,16,9.7,7.3,13.4,4.7,0,336,16.2,29.5,1021.6,18
2023,04,17,11.1,6.8,15.5,0,0,10,12.6,35.3,1023.8,240
2023,04,18,10.6,4.3,15.4,0,0,79,17.3,38.2,1024.3,432
2023,04,19,11.8,4.9,16.1,0.2,0,53,17.3,47.5,1022.4,618
2023,04,20,7.5,4.4,12.3,6.4,0,50,15.1,50.8,1016.3,144
2023,04,21,10.8,3.6,18.6,0.8,0,113,11.5,45,1011.2,426
2023,04,22,14.3,6.6,21.4,1.9,0,160,14.8,42.5,1007.1,264
2023,04,23,13,8.7,18.1,0.7,0,169,14.4,51.8,1005.2,186
2023,04,24,9,4.8,12.7,8.1,0,248,16.9,58,1006.3,72
2023,04,25,7.1,1.9,11.5,0,0,308,14.4,38.9,1013.8,216
2023,04,26,6,-1.5,11.5,0,0,359,7.6,25.9,1018.6,486
2023,04,27,10.3,3.4,15.6,0.1,0,45,7.2,21.6,1017.8,558
2023,04,28,13.7,9.3,20.9,1.8,0,114,13.7,48.2,1011.2,210
2023,04,29,10.5,5.9,13.1,0,0,308,11.2,29.5,1017.9,0
2023,04,30,12.3,2.6,19.2,0,0,89,7.9,30.2,1020.2,522
2023,05,01,12.8,7.7,19.1,0.4,0,130,7.6,37.1,1015.3,98
2023,05,02,10,3.9,14.1,0,0,321,13,36.4,1023.7,237
2023,05,03,10.4,0,19.1,0,0,96,7.6,27.7,1025.6,813
2023,05,04,15.4,2,23.4,0,0,132,14,42.1,1018,743
2023,05,05,14.7,10.7,21.5,10.9,0,92,6.8,60.5,1015.9,261
2023,05,06,14,7.5,20.8,4.1,0,117,6.1,24.1,1016.3,445
2023,05,07,16.3,11.9,22.9,1.5,0,108,8.3,27.7,1016.6,138
2023,05,08,15,12.5,19.2,0.1,0,112,10.4,25.9,1020.1,121
2023,05,09,15.9,12.3,20.7,31.6,0,151,11.5,36.4,1012,67
2023,05,10,13.3,11,17.1,7.1,0,269,8.6,27.7,1011,47
2023,05,11,13,10.1,16.4,8.1,0,273,7.6,25.9,1014.2,55
2023,05,12,15,10.9,19.6,0,0,73,11.9,36.4,1015.7,99
2023,05,13,13.5,7.5,20.5,6.7,0,92,7.9,38.9,1018.6,439
2023,05,14,14.1,4.6,21.4,0,0,98,7.9,35.3,1015.8,461
2023,05,15,13.8,9.2,20,4.3,0,299,15.5,40.7,1013.4,380
2023,05,16,10.9,6.4,15.6,0,0,334,21.2,43.9,1019.6,390
2023,05,17,10.1,4.1,15.9,0,0,344,11.9,40.7,1025.2,536
2023,05,18,11.3,1.2,18.7,0,0,75,9,33.5,1025.3,795
2023,05,19,13.8,3.3,21.6,0,0,91,8.3,35.3,1022.8,704
2023,05,20,14.3,6.3,19.7,0,0,46,11.9,34.6,1019.1,105
2023,05,21,17,10.5,24.9,0,0,326,10.4,38.2,1014.2,397
2023,05,22,17.4,12.4,22.4,0,0,275,11.2,32,1013.8,226
2023,05,23,13.5,6.3,16.9,0,0,326,19.4,46.4,1019.7,95
2023,05,24,9.8,2.6,14.8,0,0,12,9.4,25.9,1023.2,241
2023,05,25,11.7,2.2,19,0,0,59,10.1,35.3,1025.5,827
2023,05,26,13.7,6.4,20.1,0,0,17,12.2,35.3,1027,820
2023,05,27,15.8,5.3,24.5,0,0,79,7.6,29.5,1023.4,894
2023,05,28,17.3,6.2,25.8,0,0,51,10.1,36.4,1018.5,798
2023,05,29,16,9.8,21.9,0,0,0,15.5,38.9,1021.4,905
2023,05,30,15,6.6,21.6,0,0,6,14.8,35.6,1023.7,901
2023,05,31,18.6,7.3,26.6,0,0,75,11.9,42.5,1021.6,898
2023,06,01,16.2,9.8,22.5,0,0,347,14.4,36.4,1019.5,838
2023,06,02,14.2,10.2,20.7,0,0,15,13.3,36.4,1019.4,674
2023,06,03,17.6,11,23.6,0,0,83,14,37.8,1018.8,914
2023,06,04,17.3,5.2,25.3,0,0,74,10.4,33.8,1019.4,915
2023,06,05,18,6.1,26.7,0,0,69,8.3,33.8,1018.4,901
2023,06,06,18.4,7.6,27,0.2,0,68,8.6,33.5,1017.9,575
2023,06,07,17.2,13.6,22.2,8.3,0,20,9,32,1017.6,182
2023,06,08,18.9,11.7,26.3,0.4,0,91,7.6,45.7,1014.4,621
2023,06,09,21.3,10.1,29,0,0,112,11.2,36.4,1012.9,768
2023,06,10,23.7,13.1,30.9,0,0,107,10.8,35.3,1013.5,866
2023,06,11,24.1,16.6,30.1,0,0,110,15.1,42.1,1014.9,889
2023,06,12,22.4,12.1,29.8,0,0,110,11.9,35.3,1014.1,874
2023,06,13,22,13.2,27.8,0,0,103,12.6,42.1,1012.5,922
2023,06,14,19.6,10.7,25.3,0,0,94,11.9,42.5,1015.2,887
2023,06,15,19.1,8.6,27.7,0,0,69,8.3,33.5,1017.6,704
2023,06,16,19.3,9.5,27.8,0,0,29,8.3,38.9,1016.9,800
2023,06,17,20.1,9.3,28.8,0,0,66,7.9,29.5,1014.5,847
2023,06,18,22.2,10.3,31.1,0.9,0,112,9.7,27.7,1011.4,541
2023,06,19,23.7,17.7,29.5,0.1,0,196,9.7,37.1,1011.3,598
2023,06,20,24.3,17.9,31.4,0,0,158,12.6,58,1010.5,405
2023,06,21,22.5,15.7,28.3,0.1,0,337,9,29.2,1015.7,447
2023,06,22,21.4,17,26.9,26.6,0,83,13.3,61.2,1013.5,172
2023,06,23,20,15,26.2,0,0,312,17.3,44.3,1021.4,452
2023,06,24,21.3,12.4,28.9,0,0,84,7.9,26.6,1022.8,856
2023,06,25,23.9,13.2,31.3,0,0,124,9.4,25.9,1016.6,927
2023,06,26,20.3,12.9,25.3,0,0,282,16.2,43.9,1016.4,507
2023,06,27,17.8,11.7,23.4,0.2,0,278,11.2,35.3,1019.3,297
2023,06,28,18.4,13.6,22.5,0,0,235,6.5,22.3,1018.1,24
2023,06,29,20.9,16.7,24.9,4.5,0,145,7.6,25.9,1013.9,6
2023,06,30,17.9,14.4,22.7,0.1,0,317,13,35.3,1012.3,517
2023,07,01,17.6,14.9,22.1,1.9,0,191,14,39.6,1006.5,18
2023,07,02,18.4,13.8,23,0,0,254,16.6,44.3,1010,176
2023,07,03,17.8,11.5,22.9,0,0,247,17.6,43.2,1011.3,313
2023,07,04,18.9,11.1,24.4,2.6,0,253,12.2,39.6,1011.9,565
2023,07,05,17,13.4,21.3,0,0,219,22.3,59.8,1011.1,316
2023,07,06,17.5,9.9,24.7,0,0,233,8.3,30.2,1017.6,790
2023,07,07,21.4,8.9,30.4,0,0,116,9.7,33.8,1018.3,873
2023,07,08,25,14.1,34.5,4,0,130,11.9,61.2,1015.9,640
2023,07,09,24,16.7,35.9,8.5,0,131,9.7,83.9,1017.6,497
2023,07,10,22,15.3,27.5,0,0,307,10.4,31.3,1019.6,428
2023,07,11,24.7,13.9,33.7,1.8,0,159,10.1,46.8,1011.7,765
2023,07,12,21.2,15.8,25.7,0.1,0,273,16.6,44.3,1011.7,445
2023,07,13,18.5,13.1,24.3,0,0,254,12.6,40.7,1016.9,464
2023,07,14,21.8,13.5,28.7,0,0,140,11.9,40.7,1013,641
2023,07,15,22.2,18.5,26.3,7.1,0,151,13.3,46.8,1007,134
2023,07,16,20.6,14.2,25,0,0,216,17.3,45.7,1013.7,522
2023,07,17,18.5,10.7,25.5,0,0,253,11.9,53.6,1018.7,535
2023,07,18,18.9,8.1,26.8,0,0,94,7.6,34.6,1017.9,725
2023,07,19,18.6,10.6,25.5,0.3,0,328,11.9,43.9,1013.2,258
2023,07,20,18.8,14.9,24.2,0.7,0,294,10.8,42.5,1013.6,365
2023,07,21,16.7,11.5,21.8,0,0,271,9.4,38.9,1011.6,112
2023,07,22,18.4,10.7,25.6,0,0,206,9.7,38.9,1013,429
2023,07,23,19,15.8,22.3,6.3,0,180,15.5,50,1008.4,6
2023,07,24,18.6,15.4,24.7,7.8,0,219,12.2,45,1004,149
2023,07,25,15.3,10.2,19.4,0,0,319,10.8,35.6,1007,126
2023,07,26,15.8,10.3,21.8,20.7,0,191,9.4,45,1012.3,361
2023,07,27,16.6,13.7,19.2,23.8,0,185,11.2,34.6,1007,0
2023,07,28,19.2,16.3,23.6,11,0,198,8.6,29.5,1007.4,134
2023,07,29,18.8,15.2,22.1,2.3,0,189,7.6,23.4,1008.1,94
2023,07,30,17.9,15.1,23.1,0.8,0,235,13.7,46.4,1012.1,180
2023,07,31,17.8,16.4,21.3,15.4,0,208,15.1,46.4,1008.1,5
2023,08,01,17.5,14.8,22.2,0.8,0,241,16.6,48.2,1001.1,152
2023,08,02,17.8,14.4,24.2,8.4,0,177,17.3,64.8,995,130
2023,08,03,17.2,14.4,21.5,2.3,0,237,19.1,52.9,1000.9,42
2023,08,04,16.4,12.8,21.9,1.5,0,286,7.9,32.8,1013.1,145
2023,08,05,15.8,10.8,20.6,3.4,0,135,7.6,25.9,1011.5,179
2023,08,06,14.3,12.6,16.5,31.7,0,236,15.8,51.8,1006.7,0
2023,08,07,14.7,11.6,19.9,4,0,282,19.1,53.6,1014.9,235
2023,08,08,15.6,10.3,20,5.3,0,233,15.5,51.8,1014.2,91
2023,08,09,17.1,11.9,22.5,0,0,296,9,25.9,1016,442
2023,08,10,17.5,10.9,24.6,0,0,172,5,18.4,1020.6,748
2023,08,11,22.3,12.4,30.5,6.6,0,142,9.4,38.2,1018.9,741
2023,08,12,20.5,15.3,25.5,4.1,0,199,12.2,37.1,1016.3,70
2023,08,13,19.1,13.2,25.3,0,0,140,8.3,27,1016.6,295
2023,08,14,19.9,11.6,26,7.5,0,136,9.7,42.5,1014,430
2023,08,15,21.1,17.1,24.1,5.8,0,121,7.2,27.7,1015.4,217
2023,08,16,21.1,17.3,26,2.9,0,77,7.6,25.2,1018.1,245
2023,08,17,20,16.7,24.6,0,0,333,7.6,22.3,1017.2,196
2023,08,18,22.5,14.7,29.7,0,0,121,7.3,31.3,1014.5,530
2023,08,19,24.1,19.5,30.8,0.2,0,107,10.1,38.2,1015.5,310
2023,08,20,22.6,17.1,28.6,0,0,61,6.5,22.3,1020.9,535
2023,08,21,22.1,15.9,27.9,0,0,24,8.3,27.7,1021.2,722
2023,08,22,20.6,14.5,27,0,0,18,7.6,27.7,1019.7,474
2023,08,23,20.3,12.4,28.6,0.9,0,93,7.9,25.9,1019.1,776
2023,08,24,20.1,14.1,26.7,1.5,0,135,10.8,39.6,1013.8,214
2023,08,25,19.2,16.6,23.1,30.8,0,118,9.4,78.8,1008.4,47
2023,08,26,17.9,11.6,23,0,0,240,10.8,31.3,1010.8,544
2023,08,27,16,10.6,22.8,0.2,0,203,9,45.7,1009.7,292
2023,08,28,14.7,7.8,20.5,0,0,51,6.8,20.5,1011.8,177
2023,08,29,15.3,11,20.7,0,0,4,6.5,24.1,1010.6,214
2023,08,30,14.2,10.7,19.3,10.4,0,181,9.4,35.3,1007.2,183
2023,08,31,15,10.7,20.4,0.4,0,222,10.1,42.5,1010.8,346
2023,09,01,15.6,12.5,19.6,10,0,129,9.7,34.6,1013,16
2023,09,02,18.7,12.4,25.4,0,0,75,7.6,19.8,1019.7,625
2023,09,03,17.5,11.8,24.1,0,0,58,5.8,14.8,1026.4,439
2023,09,04,18.8,9.2,26.1,0,0,113,11.5,29.5,1024.5,731
2023,09,05,22,14.3,28.2,0,0,113,15.5,40.7,1019.4,749
2023,09,06,21.7,13.3,28.9,0,0,118,10.1,27.7,1019.5,746
2023,09,07,20.9,11.4,29.6,0,0,130,9.7,29.2,1018.4,741
2023,09,08,21.3,13.5,30.5,0,0,112,10.4,27.7,1016.7,726
2023,09,09,22.2,13.9,31.1,0,0,106,6.4,16.7,1017.2,714
2023,09,10,23,14.6,31.5,0,0,110,6,16.7,1017.5,696
2023,09,11,23.7,16.4,31.6,0,0,99,7.6,17,1013.7,636
2023,09,12,21.1,17.4,25.9,6.8,0,338,10.1,31.3,1011.6,270
2023,09,13,17.6,12.6,22.3,0.7,0,294,11.5,40,1016.7,45
2023,09,14,14.7,8.9,20.7,0,0,121,6.5,16.6,1021.7,365
2023,09,15,16.2,8.8,23.5,0,0,111,9,24.1,1017.2,618
2023,09,16,20,11.4,26.8,2.5,0,111,7.1,22,1013.2,456
2023,09,17,22.3,18.2,27.3,0.3,0,148,9.2,25.9,1012.6,486
2023,09,18,20.3,14.8,25.2,2.5,0,174,17.3,62.3,1005.9,357
2023,09,19,17.1,13.1,20.6,0,0,216,18.7,46.8,1011.4,329
2023,09,20,18.7,13.6,24,0,0,169,16.6,45.7,1008,384
2023,09,21,17.4,13.3,21.6,19.1,0,147,13.3,73.4,999.3,66
2023,09,22,14,10.3,19.4,2,0,179,13.3,43.2,1002.5,247
2023,09,23,13.6,9,17.9,0,0,221,11.9,37.1,1015.4,326
2023,09,24,13.6,6,19.8,0,0,132,11.2,30.2,1024.6,666
2023,09,25,15.1,9.2,21.1,0,0,121,12.6,31.3,1022.6,630
2023,09,26,15.8,6.8,23.2,0,0,127,10,22.2,1020.5,552
2023,09,27,17.7,10.1,24.6,0,0,122,11.7,31,1018,474
2023,09,28,19,13.2,24.5,0,0,95,7.2,21,1016.4,534
2023,09,29,18.6,11.1,24.3,1.7,0,175,14.8,46.8,1018,132
2023,09,30,13,7.6,19.3,0,0,99,6.5,18.4,1025.9,293
2023,10,01,16.5,8.2,23.6,0,0,126,9.4,18.4,1023.3,631
2023,10,02,19.3,12.9,25.9,0,0,117,11.2,24.1,1018.7,590
2023,10,03,16.5,10.2,20.5,10.4,0,213,15.1,49.3,1016.4,78
2023,10,04,13.3,9.1,17.3,0,0,211,10.4,31,1026.4,144
2023,10,05,13.6,9.8,17.6,0,0,222,9.7,29.5,1025.1,174
2023,10,06,13.9,7.9,20.5,0,0,161,7.9,22.7,1024.5,486
2023,10,07,16.5,10.7,23.1,0,0,204,9,29.5,1022.4,366
2023,10,08,15.8,12.3,19.4,0,0,94,5.8,20.5,1023.6,18
2023,10,09,16.3,12,21.5,0,0,142,6.1,29.5,1020.2,66
2023,10,10,16.8,9.6,24.4,0,0,132,7.9,19.8,1018.8,522
2023,10,11,19.5,12.8,26,0.9,0,173,11.9,34.6,1014,462
2023,10,12,16.6,14.2,20.4,2.9,0,191,11.5,40.7,1013.9,12
2023,10,13,19.8,16.1,23.3,4.8,0,175,17.3,61.2,1007.6,18
2023,10,14,12.5,5.5,20,0.9,0,264,18.7,56.2,1011.9,294
2023,10,15,6.5,2.1,10.6,0.9,0,244,8.3,33.5,1021.1,132
2023,10,16,4.9,-0.8,10.8,0,0,103,6.8,18,1022.4,90
2023,10,17,8.1,3.2,13.3,0,0,98,11.9,29.5,1017.5,336
2023,10,18,10.1,4.1,15,8.8,0,125,16.9,42.5,1005.3,282
2023,10,19,14.5,10.7,18.8,3.1,0,129,15.1,29.5,992.1,120
2023,10,20,14.3,12.1,15.9,23.8,0,122,13.7,34.6,981.2,0
2023,10,21,14,12.2,16.9,0,0,169,16.9,53.6,994.1,348
2023,10,22,12.3,11,14.2,0.7,0,166,9.7,37.1,1007.3,6
2023,10,23,11.2,5.6,14.2,2.4,0,121,12.6,35.3,1010.3,12
2023,10,24,11.3,7.1,13.6,4.8,0,158,11.2,33.5,1003.5,114
2023,10,25,9.8,7.4,12.3,12.9,0,140,16.2,43.9,996.4,0
2023,10,26,10.5,9.1,12.4,1.4,0,199,9.7,35.3,995,30
2023,10,27,10.6,7.7,13.5,14.9,0,165,9.4,22.3,993.1,6
2023,10,28,11.4,8.9,14.6,3.1,0,153,14,38.9,997.3,36
2023,10,29,13.7,10.3,15.9,0.1,0,176,18.7,48.6,996.2,36
2023,10,30,12.8,10.5,15.4,6.5,0,146,14,40.7,999,54
2023,10,31,11.5,9.1,14.4,3.8,0,227,13.7,38.9,1002.5,84
2023,11,01,12,10,14,0.1,0,157,16.6,50.8,1001.5,0
2023,11,02,12.3,10.2,15.4,0.2,0,165,29.2,82.1,983.1,216
2023,11,03,9.1,4.9,12,0,0,193,18.4,45,986.6,138
2023,11,04,8.8,6.5,10.5,2.3,0,154,20.2,56.2,981.5,18
2023,11,05,10.7,9.5,13.5,2.8,0,208,19.4,58,980.9,12
2023,11,06,10.7,6.9,13.2,0,0,211,17.6,49.3,1002.1,234
2023,11,07,9.1,6.5,12.7,1.7,0,198,14.8,45.7,1010.3,66
2023,11,08,9.5,7.9,12.2,12.7,0,190,16.2,46.4,1012.1,192
2023,11,09,8.7,4.5,11.5,8.3,0,177,13.3,56.9,1002.4,48
2023,11,10,7.9,4.9,10,5.3,0,173,15.1,48.6,997.9,48
2023,11,11,6.4,4,10,0.4,0,249,13,34.6,1004.5,90
2023,11,12,5.9,1.1,9.5,1,0,133,9.4,22.3,1007.1,318
2023,11,13,9.9,5.3,15.2,10.2,0,166,16.2,55.1,1003.8,0
2023,11,14,11.3,8.8,12.9,22.3,0,232,18.4,61.2,1004.5,0
2023,11,15,10.3,7,13.2,0,0,258,17.3,48.2,1014.1,138
2023,11,16,7.1,5.1,8.3,0,0,144,8.6,20.5,1012.8,12
2023,11,17,4.3,0.1,7.4,1.1,0,75,6.8,16.6,1019.8,0
2023,11,18,6,3,10.1,8,0,126,13.7,35.3,1019.6,0
2023,11,19,12.1,10,14.3,0,0,223,17.6,51.8,1010.3,168
2023,11,20,10.1,7.7,12.2,1.7,0,226,13.7,45,1009.5,36
2023,11,21,7.6,3.7,9.7,0.1,0,350,8.6,32.8,1016.3,0
2023,11,22,4.1,0,6.9,0,0,81,6.8,17.3,1028,396
2023,11,23,9,3.2,11.8,2.3,0,237,18.4,52.6,1020.5,0
2023,11,24,5.5,0.9,9.4,8.4,0,300,22,64.8,1010.1,90
2023,11,25,3.5,0.4,6.3,4.2,0,296,14,46.4,1011.7,0
2023,11,26,4.8,3,6.8,1.7,0,254,8.6,26.6,1014.7,0
2023,11,27,2.8,2,4.2,25.9,0,151,13.3,31.3,999.8,0
2023,11,28,0.4,-3.1,2.1,0.3,0,330,15.1,38.9,1003.1,12
2023,11,29,1.1,-1.8,3.7,1.2,0,206,11.5,42.1,1003.3,0
2023,11,30,0.4,-3.9,3,0.1,0,99,7.6,25.2,1001.2,6
2023,12,01,-1.1,-3.2,0.2,0,0,36,9.7,25.9,1005.8,0
2023,12,02,-1.7,-2.6,-0.4,0,0,3,8.3,20.5,1013.7,102
2023,12,03,-0.6,-2.2,2,2.7,0,153,13,38.2,1020.6,276
2023,12,04,0.3,-0.8,2.3,9,0,122,22.7,50.8,1008.2,0
2023,12,05,4.5,2.3,7.2,3.5,0,158,14.8,35.3,1002.5,0
2023,12,06,2.9,1.1,5,0.4,0,275,9.4,33.5,1014.2,6
2023,12,07,1.8,-0.8,3.5,2.4,0,137,12.2,40,1017.5,222
2023,12,08,4,1.4,7.4,0.1,0,136,13.3,35.6,1009.2,0
2023,12,09,7.2,4.5,10.6,9.3,0,156,16.9,50,1004.2,6
2023,12,10,10,7.8,11.4,1.8,0,236,23.8,73.4,1004.4,54
2023,12,11,9.8,6.7,11.3,3.1,0,249,18,60.5,1003.6,0
2023,12,12,8.5,6.6,10,1.1,0,161,11.2,48.2,1003.7,48
2023,12,13,7.6,5.2,11.4,0,0,164,7.2,18.4,999,138
2023,12,14,5.1,2.2,7.2,1.4,0,314,10.1,31,1017.4,0
2023,12,15,6,3.4,8.3,0.3,0,181,5.4,13,1034,0
2023,12,16,8,6,9.9,0,0,234,10.4,32.8,1039.7,6
2023,12,17,6.7,3.9,8.9,0,0,155,10.4,20.5,1036.7,186
2023,12,18,1.9,-3.1,6,0,0,96,6.8,24.8,1032,396
2023,12,19,5.2,2.9,7.2,18.4,0,170,14,33.5,1020.6,0
2023,12,20,7,5.4,8.9,2.6,0,256,19.1,45.7,1014.6,0
2023,12,21,8.8,5.5,11.5,18.3,0,261,28.1,85.3,1000.9,0
2023,12,22,7.9,3.8,10.2,9.7,0,283,26.3,77,1003.6,0
2023,12,23,8.8,6.7,10.1,2.1,0,269,23.8,64.8,1009.3,0
2023,12,24,11,9.2,13.2,2.9,0,242,22.3,65.5,1007.2,0
2023,12,25,11.8,10.7,12.8,5,0,237,20.5,47.5,1008.5,0
2023,12,26,9.2,3.1,12,0,0,248,18.4,52.9,1014.7,60
2023,12,27,7.2,2.8,10.2,0,0,137,13.7,38.9,1016.5,0
2023,12,28,9.6,5.4,12.3,0,0,198,19.1,50,1013.4,240
2023,12,29,10.3,7.6,11.7,2.5,0,212,20.2,51.1,1010,0
2023,12,30,8.7,6.2,11.2,0,0,212,14.4,42.1,1012.4,132
2023,12,31,8.9,6.8,10.7,0,0,165,22.7,51.8,1001.6,66
2024,01,01,7.9,6.5,8.8,12.3,0,210,19.4,48.2,1005.4,0
2024,01,02,9.6,6.4,12.4,13.8,0,182,19.4,69.1,994.1,0
2024,01,03,10.3,7.8,12.9,5,0,228,23,60.5,992.6,36
2024,01,04,7.9,5.1,9.7,0.8,0,239,16.9,53.6,1002.2,18
2024,01,05,8.1,6.4,9.3,0.9,0,183,18.4,45,1000.1,108
2024,01,06,4.1,1.7,6.8,0.4,0,299,11.9,31.3,1008.7,0
2024,01,07,0.7,-1.3,2,0,0,10,15.5,37.1,1020.8,0
2024,01,08,-2.3,-6.3,0.3,0,0,39,15.5,38.2,1028.8,270
2024,01,09,-4.8,-10.4,2.4,0,0,37,5.4,26.6,1030.6,420
2024,01,10,-5.8,-10.2,0.1,0,0,108,6.1,14.8,1029,78
2024,01,11,-5.1,-10.6,0.3,0,0,106,6.1,22.3,1032.5,420
2024,01,12,-0.6,-1.9,0.5,0.2,0,298,5,15.5,1032.2,0
2024,01,13,1.2,0.2,2.4,0,0,229,10.1,32,1023.2,0
2024,01,14,0.9,-0.2,1.5,1,0,259,9,42.1,1010.4,0
2024,01,15,0.8,0.1,1.8,0.7,0,262,18,40.7,1004,0
2024,01,16,-0.4,-5,1.7,0,0,232,13.3,40,1008.7,180
2024,01,17,-2.3,-4.8,-0.6,12,0,88,10.4,25.9,992.9,0
2024,01,18,-2.2,-4.5,-0.5,0.4,0,302,6.5,16.6,1000.9,282
2024,01,19,-2,-5.6,1.5,0,0,184,5,13,1020.9,12
2024,01,20,-4.1,-10.3,-0.2,0,0,120,12.2,32,1029.3,414
2024,01,21,1,-2.6,6.9,0.5,0,138,19.8,51.1,1022.9,0
2024,01,22,9.2,6.2,12.7,0.1,0,212,24.1,64.1,1012.4,96
2024,01,23,7.7,5.5,11.7,4.2,0,231,19.8,56.9,1023.1,192
2024,01,24,11.4,8.1,14.3,0,0,254,25.9,87.8,1021.9,36
2024,01,25,7.6,2.7,10,1.3,0,193,9,31,1027.9,120
2024,01,26,8.1,2,12.1,5.3,0,225,16.2,65.5,1026.2,84
2024,01,27,3,-2.6,8.5,0,0,138,7.9,14.8,1035.8,438
2024,01,28,5.6,0.7,10.9,0,0,117,17.6,38.9,1029.7,474
2024,01,29,8.5,4.7,12.8,0,0,129,15.5,31.3,1027.4,312
2024,01,30,8.8,6.5,12,0,0,159,13,35.3,1028.9,6
2024,01,31,5.8,1.5,7.7,4.7,0,230,8.3,20.5,1031.8,0
2024,02,01,6.5,0.9,9.1,0.2,0,261,12.6,36.4,1029.6,366
2024,02,02,6.8,2.6,11.5,0.3,0,216,11.5,40,1029.4,324
2024,02,03,9.5,7.8,11,2.6,0,250,16.9,42.5,1026.3,0
2024,02,04,10.3,9,11.2,1,0,253,21.2,52.9,1022.7,0
2024,02,05,10.5,7.6,14.1,0,0,252,17.6,52.9,1020.1,378
2024,02,06,10.6,8.7,11.8,3.5,0,232,23.4,60.5,1012.5,0
2024,02,07,5.7,2.6,11.6,9.6,0,181,14.4,46.4,1004.7,0
2024,02,08,6.3,2.8,11.6,17.3,0,120,10.1,27.7,997.4,0
2024,02,09,11,9.2,13.1,4.1,0,160,14,32.8,987,0
2024,02,10,10.3,7.9,13.2,0.2,0,117,10.1,27.7,986.8,210
2024,02,11,8.8,7.2,10.9,2.9,0,159,9,43.9,991.1,0
2024,02,12,7.2,2.8,11,0.1,0,252,10.1,38.2,1004.5,66
2024,02,13,5.8,0.8,10.7,0,0,188,12.6,32.8,1017.5,342
2024,02,14,10.2,8.1,12.6,5.9,0,178,13.7,35.3,1017.4,12
2024,02,15,12.9,10.5,16,1.1,0,149,15.1,33.5,1015.3,18
2024,02,16,12.1,9.9,13.9,1.9,0,162,10.4,25.9,1014.9,0
2024,02,17,9.9,5.9,11.4,0,0,266,7.2,19.8,1030.1,0
2024,02,18,8.4,6,10.7,6.3,0,169,14.4,43.9,1027.1,0
2024,02,19,9.2,7.6,12,0.9,0,273,15.1,43.2,1026.1,0
2024,02,20,7.9,4.4,11.8,0,0,240,10.1,32,1027.2,12
2024,02,21,8.8,7.2,11.2,17.9,0,179,15.1,40.7,1015,18
2024,02,22,10,6.2,13.8,3,0,170,19.8,82.1,991,0
2024,02,23,6.3,1.7,9.6,0.1,0,189,19.1,48.2,993.8,114
2024,02,24,5.4,2.4,8.5,0.2,0,171,16.9,45,999.9,120
2024,02,25,6.9,4.6,10,4.3,0,150,16.9,40.7,1001,66
2024,02,26,6.4,5.2,7.5,9.4,0,64,15.8,40,1002,0
2024,02,27,6,1.2,10.5,0,0,322,11.5,33.8,1015.5,270
2024,02,28,5.5,2.3,9.7,0,0,122,6.5,18,1020.9,240
2024,02,29,7.2,2.7,12.8,0,0,135,14,30.2,1011.4,174
2024,03,01,7.9,4,11.4,0,0,153,16.6,40.7,1003.5,324
2024,03,02,10.2,4.7,14.2,0,0,138,20.5,38.9,1001,354
2024,03,03,11.6,7.5,18.4,0,0,115,11.5,35.3,1000.2,432
2024,03,04,8,5.7,9,0,0,276,10.8,31.3,1010.4,0
2024,03,05,6.4,2.5,8.6,2.3,0,104,6.1,13,1014.1,0
2024,03,06,7.1,2.5,12.6,0,0,94,6.8,18.4,1021.5,324
2024,03,07,5.8,1.3,10.6,0,0,95,14.8,35.6,1021.5,252
2024,03,08,6.2,1.5,11.7,0,0,110,19.1,53.6,1011.3,618
2024,03,09,9.5,4.4,15.9,0,0,116,17.6,38.2,1001.4,498
2024,03,10,11,7.7,15.2,13.3,0,105,13.3,32.8,995.2,180
2024,03,11,7.9,6.9,8.9,15.8,0,189,9.4,31,1002.2,0
2024,03,12,7.9,6.8,10,5.2,0,223,10.4,25.2,1013.7,6
2024,03,13,10.1,7.1,12.9,2.8,0,193,7.6,26.6,1015.2,0
2024,03,14,12.3,7,18.2,0,0,156,11.2,31.3,1012.5,480
2024,03,15,12.3,7.8,17.6,3.2,0,186,14.8,49.3,1009.5,18
2024,03,16,8.8,4.6,10.3,1,0,267,11.9,47.2,1018.4,0
2024,03,17,9.1,1.6,14.3,3.3,0,119,10.8,25.9,1020.7,252
2024,03,18,10.9,5.4,16.6,0,0,124,9.7,29.5,1015.9,204
2024,03,19,11.4,4.3,18,0,0,125,8.6,18.4,1018.2,366
2024,03,20,12.9,6,19.5,0,0,127,7.2,23.4,1018.4,480
2024,03,21,10,6.7,13.3,0.1,0,311,10.4,32,1022.5,84
2024,03,22,11.9,7.8,16.3,7.8,0,229,12.2,31,1016.3,108
2024,03,23,5.3,1.9,10.1,14.5,0,273,15.8,63,1009.5,228
2024,03,24,6.2,3.6,9.8,1.8,0,251,20.5,62.3,1005.6,42
2024,03,25,7.4,1.9,12.4,0,0,190,10.8,29.2,1004.9,606
2024,03,26,9.5,5.1,14.8,0.2,0,120,17.6,37.1,992.2,96
2024,03,27,9,6.1,11.4,0.2,0,151,10.4,31,987.4,0
2024,03,28,8.5,5.4,13,1.6,0,171,18.4,68,988.9,156
2024,03,29,10.7,7.5,14.8,1.3,0,158,16.9,37.1,995.2,6
2024,03,30,12,6.4,16.8,1.2,0,151,12.6,53.6,996.8,0
2024,03,31,12.3,5.7,18.9,5.6,0,117,14.4,59.8,996.5,348
2024,04,01,10.3,7.2,12.2,6.7,0,191,10.8,36.4,997.1,18
2024,04,02,10.2,5.7,13,4.2,0,214,15.8,52.9,1007,42
2024,04,03,10.9,8.2,14.3,3.3,0,170,12.6,44.3,1006.3,0
2024,04,04,11.8,8,15.5,6.8,0,203,15.5,51.8,1008.1,78
2024,04,05,15,10.3,19,0,0,178,16.2,47.5,1010.9,0
2024,04,06,19.7,13.2,26,0,0,147,15.8,42.5,1011.3,546
2024,04,07,19.1,14.2,22.8,1.2,0,218,11.9,38.2,1013,78
2024,04,08,17.1,9,23.9,1.4,0,133,9,27.7,1007.6,336
2024,04,09,13.3,8.7,21.7,5.8,0,216,16.9,48.2,1011.5,36
2024,04,10,10.3,6.4,15.4,0,0,237,9.7,34.6,1027.5,378
2024,04,11,12.1,5.4,18.1,0,0,161,9.4,29.2,1031.7,132
2024,04,12,14.9,11,19.8,0,0,182,9,24.1,1030.7,54
2024,04,13,18.2,9.5,25.2,0,0,174,12.2,37.1,1023.8,684
2024,04,14,14.3,9.5,18.4,1.6,0,285,13,35.3,1020,420
2024,04,15,8.6,4,14.8,5.9,0,240,17.3,83.2,1008.5,246
2024,04,16,6.8,4.2,11,10.8,0,254,18.7,66.6,1004.1,18
2024,04,17,5.8,3.9,9.7,0.3,0,321,11.9,40.7,1010.9,108
2024,04,18,7.3,3.3,12.4,4.2,0,311,11.9,31,1017.2,132
2024,04,19,7,4.8,10.1,12.1,0,261,21.6,69.8,1010.4,78
2024,04,20,6.4,4.2,11.1,7.2,0,307,17.6,49.3,1018.8,186
2024,04,21,4.7,0.4,9.7,0.3,0,3,15.8,56.2,1022.1,276
2024,04,22,4,-2.1,10.2,0.1,0,22,9.7,40.7,1023,396
2024,04,23,4.9,-2.4,11,1,0,272,8.6,32.8,1018.2,480
2024,04,24,5.9,3.8,9,7.3,0,281,15.5,48.2,1008.9,192
2024,04,25,6.7,3.1,10.8,0.6,0,250,12.2,37.1,1005.8,126
2024,04,26,10.3,6,13.7,0,0,177,11.5,31.3,1003.8,48
2024,04,27,13.5,7.3,19.7,0,0,143,16.2,43.9,1005.6,216
2024,04,28,14.5,8.6,17.7,0,0,172,18.7,48.6,1010,42
2024,04,29,14.3,5.8,20.6,0,0,149,12.2,35.3,1019.4,552
2024,04,30,17.7,9.7,25.7,0,0,108,6.1,20.5,1014.2,600
2024,05,01,18.8,10.3,27,0,0,179,6.5,22.3,1004.5,588
2024,05,02,18,12.4,26.2,31.2,0,144,10.1,40,998.7,534
2024,05,03,12,7.5,15.7,0.8,0,228,11.2,37.1,1010.4,102
2024,05,04,12,5.8,18.2,8,0,122,10.8,37.1,1012.8,138
2024,05,05,13.1,7.5,18.5,0,0,237,9.4,31.3,1008.8,384
2024,05,06,13.8,11.1,17,25.5,0,111,7.2,18.4,1007.4,0
2024,05,07,13.3,10.1,17.9,0,0,320,7.6,22.3,1017.1,60
2024,05,08,13.1,8.6,17.8,0,0,313,12.2,31.3,1025.1,168
2024,05,09,13.7,6,21.8,0,0,59,7.2,25.9,1025.4,378
2024,05,10,16.1,7,23.5,0,0,87,7.2,23.4,1022.2,696
2024,05,11,17.7,8.2,24.8,0,0,99,7.9,29.5,1019.9,690
2024,05,12,19.9,12.7,25.5,0,0,117,13.7,38.9,1015.1,810
2024,05,13,19.2,12.6,25,0,0,137,12.2,37.1,1010.4,552
2024,05,14,20.8,14.8,26.5,0,0,122,15.8,41.4,1005.2,774
2024,05,15,16.4,11,21.7,9.4,0,157,7.9,32,1005.3,264
2024,05,16,15.7,12.3,21.5,17.5,0,128,8.3,46.4,1004.4,222
2024,05,17,15.1,12.6,18.5,0,0,313,9.7,27.7,1005.5,0
2024,05,18,14.7,11.2,19.8,2.2,0,84,8.3,33.5,1008.8,120
2024,05,19,14.6,9.8,20.2,0.1,0,257,9.4,35.3,1009.9,288
2024,05,20,15.7,9.9,22.1,0,0,109,5.4,18.4,1009.8,378
2024,05,21,15.2,9.5,20.8,21.7,0,209,8.3,42.5,1006.3,234
2024,05,22,16.2,12.3,19.9,0,0,220,10.8,40.7,1009,288
2024,05,23,15.6,9.4,22.2,12.2,0,183,8.3,35.3,1014.8,540
2024,05,24,13.9,11.1,17.2,9.8,0,210,7.6,24.1,1016.6,30
2024,05,25,15.2,9.8,20.3,0,0,199,9.4,27.7,1016.4,264
2024,05,26,16.6,8.3,23.6,3.2,0,142,12.2,58.7,1015.2,384
2024,05,27,15.3,10.1,21.4,0.5,0,289,8.6,36.4,1016.4,342
2024,05,28,14.5,9.8,19,2.6,0,225,11.2,33.5,1017.3,342
2024,05,29,15.3,13.3,20.6,21.1,0,186,14,45,1009.9,156
2024,05,30,15.4,13.2,19.2,1.3,0,318,10.8,40,1005.8,294
2024,05,31,15.4,12.2,19.7,0,0,305,12.2,30.2,1010.3,216
2024,06,01,16.1,13.7,19.1,0.2,0,300,13.3,36.4,1015.2,0
2024,06,02,14.5,12,17,0,0,331,15.1,31.3,1020.5,12
2024,06,03,12.8,8.9,15.1,0,0,335,10.4,26.6,1019.5,6
2024,06,04,16.4,11.4,22.2,2.7,0,156,7.6,32,1012.9,348
2024,06,05,14,8,16.4,2.5,0,225,9.7,27.7,1012.5,48
2024,06,06,14,6.7,20.1,0,0,263,11.9,46.8,1016.2,708
2024,06,07,14.8,6,21.8,0,0,223,7.2,29.2,1017.4,744
2024,06,08,16,7.1,22.8,0,0,248,13.7,40.7,1011.8,828
2024,06,09,14.6,8.5,20.6,0,0,293,11.5,38.2,1009.9,876
2024,06,10,11.5,6.4,15.3,1.8,0,204,14,66.6,1007.6,120
2024,06,11,13,8.9,18.1,0,0,282,14.8,40,1014.9,420
2024,06,12,11.6,6.2,17,0,0,276,10.8,38.2,1018.8,162
2024,06,13,13.8,4.8,19.4,0.3,0,164,8.6,31,1016.3,612
2024,06,14,16.1,12.2,19.9,6.3,0,150,15.8,39.6,1007.5,66
2024,06,15,16.4,13.6,20.4,0,0,203,19.4,55.4,1005.2,372
2024,06,16,15.6,13,18.6,2.7,0,175,16.6,46.8,1007.7,168
2024,06,17,16.7,13,20.7,26.9,0,159,7.9,45,1011.4,204
2024,06,18,17.8,12.5,22.6,16.1,0,112,10.4,31.3,1012.2,198
2024,06,19,16.6,12.2,21,0,0,11,9.7,24.1,1016.6,198
2024,06,20,18,10.5,23.7,0,0,99,9.7,27.7,1017.4,174
2024,06,21,18.7,12.4,24.9,0.3,0,196,10.4,44.3,1011.5,96
2024,06,22,16.3,11.2,21.9,1.8,0,217,9.4,30.2,1013.5,252
2024,06,23,18.8,13.2,24.9,0,0,337,6.8,24.1,1018.5,696
2024,06,24,20.6,11.4,27.5,0,0,90,6.8,22.3,1018.4,780
2024,06,25,22.6,12.4,29.5,0,0,107,7.6,33.5,1013.7,930
2024,06,26,23,13.6,30.8,0,0,95,5.8,27,1009.5,918
2024,06,27,24.2,16.2,30.6,2.8,0,182,10.1,37.1,1008.2,654
2024,06,28,19.5,12,24.2,0,0,290,13.7,35.3,1015,840
2024,06,29,19.9,9.4,28.2,17.8,0,91,7.2,27.7,1011.8,624
2024,06,30,17.8,14.8,22.5,16.4,0,277,10.8,40.7,1008.5,66
2024,07,01,16.2,13.5,19.8,0.3,0,283,13.3,35.6,1014.5,138
2024,07,02,14.7,12.9,15.9,11.6,0,252,9,33.5,1014.1,0
2024,07,03,13.6,11.3,16.6,4.9,0,249,8.6,29.5,1010.5,210
2024,07,04,16,11.9,20.9,0.6,0,239,13.3,51.1,1008,246
2024,07,05,16.4,10.4,20.7,0,0,216,11.9,43.9,1010.2,18
2024,07,06,18.6,12.4,24.7,2.6,0,191,17.3,51.1,1004.3,396
2024,07,07,15.8,8.6,22.1,0,0,218,11.9,34.6,1013.2,624
2024,07,08,17.6,9.6,24.3,0,0,105,6.5,20.5,1016.4,390
2024,07,09,23.3,12.7,31.3,6.7,0,132,13.7,59.8,1013.1,780
2024,07,10,20.6,17.1,25.9,15.9,0,205,7.6,35.3,1014.6,378
2024,07,11,20.1,15.6,25.3,3.1,0,302,8.6,26.6,1016.2,474
2024,07,12,16.2,12.5,23.7,4.3,0,329,12.2,63.7,1010.5,108
2024,07,13,15.2,10.8,20.4,0,0,248,11.9,37.1,1012.9,192
2024,07,14,17.7,10.3,24.1,0,0,179,7.2,25.9,1012.7,546
2024,07,15,20.3,10.6,27.8,6.1,0,116,9.4,31,1010.3,726
2024,07,16,19.1,14.3,23.4,3.9,0,213,14.4,70.9,1011.8,300
2024,07,17,19.2,14.1,25,0,0,255,10.4,31.3,1019.7,348
2024,07,18,20.8,11.8,27.8,0,0,106,7.9,22.3,1021.1,786
2024,07,19,21.8,14.2,28.1,0,0,102,5.8,15.5,1017.7,426
2024,07,20,23.8,14.9,32.5,0.4,0,122,8.3,49.3,1008.8,684
2024,07,21,22.1,18.5,27.6,2.6,0,246,11.2,40.7,1007.8,264
2024,07,22,20.5,16.6,25.1,0,0,301,10.8,32,1016.1,486
2024,07,23,19.8,16.1,24.7,3.7,0,209,14,46.8,1016.7,270
2024,07,24,18.1,12.2,23,0,0,312,11.9,30.2,1019.3,342
2024,07,25,19.3,10.3,26.3,3.1,0,137,7.6,20.5,1013.9,450
2024,07,26,20.4,17.1,25.2,6.2,0,199,8.3,24.1,1010.8,144
2024,07,27,18.8,16,22.5,48.5,0,160,7.2,27.7,1013.4,18
2024,07,28,18.2,12.4,24.3,0,0,293,7.9,20.9,1023.5,504
2024,07,29,19.8,9.6,27.2,0,0,123,9,29.2,1022.1,846
2024,07,30,23.1,14.4,31.2,0,0,99,7.9,22.3,1015.7,810
2024,07,31,20.8,15.3,25.2,0.4,0,66,6.5,21.6,1013.8,150
2024,08,01,20.1,16.5,23.3,18.3,0,168,8.6,28.4,1011,78
2024,08,02,20.2,15,25.7,0,0,354,6.5,20.5,1011.5,528
2024,08,03,19.8,14.3,25.8,2.9,0,190,8.6,34.6,1011.6,192
2024,08,04,18.4,14.8,21.6,3.2,0,285,9.7,27.7,1014,120
2024,08,05,20.6,14.6,27.3,0,0,132,6.8,22.3,1014,600
2024,08,06,22.6,14.7,29,0,0,136,8.6,34.2,1010.6,720
2024,08,07,19.3,14.7,24.8,0,0,204,9,37.1,1011.7,240
2024,08,08,19.4,15.4,24.3,0,0,242,7.9,27.7,1016,372
2024,08,09,21.9,18.1,25.8,0,0,206,13.7,40,1015.1,156
2024,08,10,20.3,13.2,27,0,0,268,8.6,25.2,1019.8,804
2024,08,11,21.6,13.2,28.6,0,0,87,6.8,24.1,1019.7,804
2024,08,12,25.2,14.8,33.3,0,0,115,10.1,29.5,1011.3,804
2024,08,13,24.4,18.7,34.7,20.6,0,117,11.5,88.2,1008.8,456
2024,08,14,21,15.9,24.4,0.2,0,220,8.3,27.7,1011.5,12
2024,08,15,21.3,14,27.8,0,0,188,6.8,25.2,1016,678
2024,08,16,21.8,15.5,27.2,0.5,0,213,8.6,31.3,1014.9,444
2024,08,17,21,18.5,24.3,10.2,0,180,7.2,20.9,1011.9,36
2024,08,18,18.4,14.5,22.4,0.4,0,333,10.8,31.3,1011.3,210
2024,08,19,18.4,12.6,23.5,0,0,358,7.2,24.1,1017.1,696
2024,08,20,20.3,12.7,26.9,1.1,0,151,9.7,44.3,1011.6,456
2024,08,21,16.9,12.3,21.4,0,0,264,15.1,42.5,1016.3,468
2024,08,22,18.4,11.1,25.1,0,0,167,12.6,35.6,1012.4,690
2024,08,23,20.9,14.6,26.5,0,0,178,18.7,50.8,1009.1,360
2024,08,24,24.3,17.2,32.2,15.9,0,174,17.3,85.3,1007.9,654
2024,08,25,16.9,11,21.6,0,0,246,13.3,46.8,1019.6,486
2024,08,26,15.6,8.1,22.6,0,0,133,6.5,18.4,1022.2,546
2024,08,27,18.3,9.1,26.4,0,0,114,8.6,25.9,1020.3,756
2024,08,28,22,11.8,30.8,0,0,142,10.4,33.5,1015.1,762
2024,08,29,23.5,16.2,31.7,0,0,92,11.2,35.3,1015.8,636
2024,08,30,19.1,15.6,22.4,2.7,0,347,11.5,25.9,1020.1,120
2024,08,31,21.3,14.1,28.3,0,0,46,9.4,21.6,1019.7,624
2024,09,01,23.9,15.4,31.4,0,0,119,9.7,29.5,1014.7,726
2024,09,02,22,16.1,30.4,1,0,130,6.5,58,1011.8,528
2024,09,03,21.7,15.9,28.6,7.9,0,153,7.6,27.7,1013.5,372
2024,09,04,18,17,19.2,36.1,0,316,9.7,25.2,1015,0
2024,09,05,22,15.5,30.7,0,0,20,8.6,29.5,1008,570
2024,09,06,20,14.6,24.3,0,0,147,7.6,25.2,1009.7,84
2024,09,07,20.6,12.8,28.4,0.2,0,124,9.4,30.2,1010.5,570
2024,09,08,19.4,12.2,23.9,5.1,0,182,9,33.5,1008.2,282
2024,09,09,15.4,11,18.2,13.7,0,198,10.8,42.1,1004.9,42
2024,09,10,15.3,12.1,19.9,8.8,0,234,15.8,42.5,1010.2,126
2024,09,11,12.2,7.7,16.8,1.4,0,260,16.2,56.9,1006.4,294
2024,09,12,9.8,5.5,14.8,9.6,0,195,9,34.6,1012.9,198
2024,09,13,10,4.2,15.2,1.5,0,14,8.6,29.2,1022.7,198
2024,09,14,9.9,5,17,0,0,342,8.6,33.8,1029.2,360
2024,09,15,12.1,4.2,18.5,0,0,29,7.9,26.6,1026.4,510
2024,09,16,16,13,20.6,0,0,339,10.1,35.3,1023.7,108
2024,09,17,15.9,11.7,21.8,0,0,3,12.2,43.9,1025.7,438
2024,09,18,17.9,8.8,25.4,0,0,90,13.3,51.8,1024.5,642
2024,09,19,19.5,14.2,24.8,0,0,76,16.6,45,1021.6,642
2024,09,20,18,11.5,24.2,0,0,103,12.2,33.8,1019.9,666
2024,09,21,16.7,9.1,24.3,0,0,130,7.6,22.3,1018.9,666
2024,09,22,17,9.7,24.7,0.2,0,117,6.8,18.4,1014.1,564
2024,09,23,17.2,10.7,22.3,0.1,0,149,10.4,35.3,1008.3,150
2024,09,24,14.9,10.8,19.6,11,0,167,11.2,45,1004,36
2024,09,25,14.9,13.7,17.6,18.5,0,172,11.2,25.9,1003.4,0
2024,09,26,15.8,12.1,19.6,5.2,0,167,14.4,47.5,992.7,0
2024,09,27,13.9,10.2,18.2,4.6,0,205,20.2,63,999.7,276
2024,09,28,10.7,6.5,15.7,0.4,0,287,13,45,1019.1,324
2024,09,29,9.7,3.2,14.6,0,0,117,10.1,27.7,1025.4,306
2024,09,30,12.5,9,15.1,1.7,0,132,18.7,42.5,1012,102
2024,10,01,13.2,9.4,15.6,1.3,0,195,11.2,40.7,1007.6,0
2024,10,02,11.2,7.7,15.1,0,0,45,8.3,25.9,1009.9,96
2024,10,03,9.9,5.6,14.9,0,0,14,11.2,31.3,1017.3,180
2024,10,04,9.4,3.8,15.9,0,0,350,7.9,24.1,1020,174
2024,10,05,8.5,1,16.5,0,0,116,6.5,16.6,1017.9,558
2024,10,06,10.2,6,15.1,0.1,0,125,15.5,41.4,1008.2,378
2024,10,07,15.9,11.7,20.4,3.3,0,142,12.6,32.8,1002.3,204
2024,10,08,16.4,12.9,19.5,2,0,161,13,29.5,999.7,0
2024,10,09,14.1,13.1,15.6,22.5,0,132,15.5,33.5,990.3,0
2024,10,10,12.6,8.9,15.7,9.3,0,286,16.6,59.8,997.6,102
2024,10,11,9,3.7,13.7,0,0,272,6.8,18.4,1015.6,396
2024,10,12,8.4,2.2,12.5,1.5,0,126,11.5,29.5,1011.7,24
2024,10,13,9.5,4.7,12.4,0,0,250,15.5,61.2,1015.6,102
2024,10,14,7.9,3.9,11,4.2,0,102,7.6,27.7,1017.8,66
2024,10,15,10.1,6.6,12.7,0.1,0,118,14.8,40,1019.1,60
2024,10,16,15,12.3,19.1,2.8,0,124,21.6,44.3,1012.4,264
2024,10,17,16.8,12.9,21.2,0,0,126,12.6,37.1,1011.8,72
2024,10,18,14.1,8.9,18.5,3.5,0,129,5.8,16.6,1013.1,168
2024,10,19,14.1,10.3,17.8,1.9,0,147,9,27,1015.5,156
2024,10,20,14.4,10,17.8,0.7,0,142,13.3,33.5,1019.5,120
2024,10,21,15.7,13,18.4,0.5,0,164,11.5,32.8,1021.6,12
2024,10,22,12.1,7.5,16.2,0,0,282,10.1,49.3,1028.2,294
2024,10,23,9.9,5.1,16.1,0,0,113,6.8,16.6,1033.6,546
2024,10,24,10.4,4.1,14,0,0,125,11.5,32.8,1025,12
2024,10,25,14.6,11,20.1,0,0,121,13.3,33.5,1018.4,396
2024,10,26,13.3,10.8,17.8,0,0,122,12.6,30.2,1016.9,528
2024,10,27,13.5,11.6,15.5,0,0,139,5.4,18.4,1020.6,0
2024,10,28,13.7,7.9,17.4,0,0,158,6.8,25.9,1024.1,24
2024,10,29,13.1,7.2,17.3,1.3,0,106,6.5,16.6,1025.1,12
2024,10,30,12.9,11.6,14.1,0,0,307,5,12.2,1027.3,0
2024,10,31,12.2,8,16.8,0,0,133,6.8,25.2,1026.8,354
2024,11,01,8.8,5,10.3,0.5,0,175,4.7,16.6,1024.9,0
2024,11,02,10.3,4.4,12.8,0,0,341,4.7,13,1029.4,0
2024,11,03,7.7,3.4,13.6,0,0,123,9.4,25.9,1029.5,510
2024,11,04,7,0.8,14.8,0,0,139,8.3,23.4,1027,510
2024,11,05,5.8,2,9,0.1,0,121,13.3,37.1,1024.2,246
2024,11,06,6.9,5.1,8.3,0.1,0,83,5.8,13,1029.9,0
2024,11,07,5.7,3.4,7.5,0,0,109,10.4,22.3,1032.1,0
2024,11,08,5.6,4.9,7.1,0,0,120,13,27.7,1027.5,0
2024,11,09,8.3,7.1,9.5,0,0,125,10.8,27.7,1024.9,0
2024,11,10,8.1,6.3,10,0,0,134,6.8,22.3,1027.5,0
2024,11,11,8.8,7.8,11.9,6.4,0,243,8.6,27.7,1027.5,96
2024,11,12,8.3,6.1,10.4,0,0,42,9.7,31.3,1029.3,30
2024,11,13,7.1,4.8,8.6,2.9,0,332,7.6,23.4,1031,0
2024,11,14,8.8,7.9,10.2,0.6,0,301,9,20.5,1027.3,0
2024,11,15,7.9,6.6,8.9,0,0,264,5.4,14.8,1026.7,0
2024,11,16,6.5,5.7,7.6,2.3,0,204,10.4,25.9,1019.4,0
2024,11,17,6.6,4.3,8.7,5.3,0,236,14.4,64.8,1011.6,12
2024,11,18,5.6,4.1,7.3,7.6,0,216,9.4,56.2,1009.8,54
2024,11,19,6.8,2.2,12.3,10.4,0,219,16.9,56.9,994.7,0
2024,11,20,2.3,0.1,4.1,6.3,0,261,16.9,55.1,1001.2,0
2024,11,21,0.4,-3,2.5,0,0,222,10.1,37.1,999.2,24
2024,11,22,1.4,-2.8,4.9,1.6,0,230,14.8,61.2,1004.3,42
2024,11,23,3.4,-0.7,9.9,2.8,0,156,14.4,41.4,1016,0
2024,11,24,14.6,9.1,18.3,0,0,201,24.1,54.4,1009.9,24
2024,11,25,14.1,7.9,18.3,2.1,0,192,20.9,61.2,1006.9,6
2024,11,26,8.1,4.8,11.6,0,0,189,10.1,32,1017.8,156
2024,11,27,8.7,5,12.3,2.7,0,166,19.4,73.4,1015.6,12
2024,11,28,7.1,4.9,8.9,0.1,0,289,17.3,48.2,1024.1,72
2024,11,29,3.3,-1.7,7.5,0,0,112,10.1,30.2,1031.9,402
2024,11,30,3.8,1.4,7.4,0,0,124,16.6,35.6,1028.9,426
2024,12,01,2.7,1.4,4.9,0,0,127,21.2,44.3,1022.2,414
2024,12,02,7.7,4.4,11.2,2.7,0,161,13.3,37.8,1014.7,72
2024,12,03,5.2,0.3,8,0.2,0,249,11.5,42.1,1018.1,78
2024,12,04,3.2,-0.2,5,1.1,0,163,5.8,16.6,1025.6,0
2024,12,05,3.9,1.5,6.3,15.5,0,145,15.8,42.1,1017.3,0
2024,12,06,7.3,4,9,0.3,0,260,25.2,69.1,1009.3,6
2024,12,07,7.1,3.6,10.4,6.4,0,161,16.9,49.3,1000.3,24
2024,12,08,5.5,3.4,7.7,0,0,95,14.4,35.3,1006.8,54
2024,12,09,4.9,2.9,6.5,0.6,0,12,14,38.2,1022.4,30
2024,12,10,5.5,4.5,6.4,0,0,19,11.5,25.9,1027.1,0
2024,12,11,3.3,2.2,4.6,0,0,56,7.2,21.6,1030.2,0
2024,12,12,1.5,0.2,2.3,0,0,113,6.8,20.9,1031.1,0
2024,12,13,0.6,-1.8,1.5,0,0,131,14.4,31.3,1027.4,0
2024,12,14,2.1,-2.4,4.6,0.2,0,222,12.6,37.1,1020.6,0
2024,12,15,6.4,2.9,9.1,1,0,237,11.9,38.9,1026.5,12
2024,12,16,10.1,8.8,11,1.1,0,253,18.7,49.3,1030.5,0
2024,12,17,7.9,5.6,9.3,0.7,0,196,10.4,29.5,1027.6,0
2024,12,18,9.6,5.4,12.7,0,0,172,18.7,50,1015.1,48
2024,12,19,9.2,3.7,14.9,8.6,0,237,22,55.4,1002.6,0
2024,12,20,4.1,1.1,6.1,0.1,0,249,14.4,42.1,1018.7,18
2024,12,21,7.4,5,9.2,3.7,0,210,17.3,49.3,1013.1,0
2024,12,22,4.7,1.3,9.5,7.9,0,257,16.2,54.4,1001.3,24
2024,12,23,4,1.5,7,1.1,0,280,14.8,55.4,1013.3,36
2024,12,24,4.2,2.1,5.5,2.9,0,185,7.2,18.4,1026.9,0
2024,12,25,6,4.6,7.8,0,0,131,9,20.5,1034.1,0
2024,12,26,5,-0.2,8.4,0,0,119,11.2,23.4,1036.1,300
2024,12,27,2.3,-2.5,7.6,0,0,126,8.6,18.4,1033.3,360
2024,12,28,0.6,-4.1,5.8,0,0,131,6.5,16.6,1029.7,402
2024,12,29,-0.7,-3.9,0.6,0,0,156,6.8,18.4,1030.3,0
2024,12,30,0.2,-0.6,1.5,0,0,163,12.6,27,1030.7,0
2024,12,31,0.4,-1.7,2.8,0,0,156,12.6,35.6,1027.1,48
